Game Name,Rating,#Reviews,Discount%,Price (€),Original Price (€),Release Date,Windows,Linux,MacOS,Fetched At
PEAK,7.0,"77,683",-38.0,4.64,7.49,"16 Jun, 2025",1,0,0,2025-08-11 00:00
Cyberpunk 2077,7.0,"772,574",-65.0,20.99,59.99,"9 Dec, 2020",1,0,1,2025-08-11 00:00
Rust,7.0,"1,038,433",-50.0,19.99,39.99,"8 Feb, 2018",1,0,1,2025-08-11 00:00
Microsoft Flight Simulator (2020) 40th Anniversary Edition,5.0,"63,905",-60.0,27.99,69.99,"17 Aug, 2020",1,0,0,2025-08-11 00:00
Sid Meier's Civilization VII,4.0,"34,643",-30.0,48.99,69.99,"10 Feb, 2025",1,1,1,2025-08-11 00:00
Age of Wonders 4,7.0,"13,871",-40.0,29.99,49.99,"2 May, 2023",1,0,0,2025-08-11 00:00
Abyssus,7.0,314,-15.0,21.24,24.99,"12 Aug, 2025",1,0,0,2025-08-11 00:00
Sea of Thieves: 2025 Edition,7.0,"309,796",-50.0,19.99,39.99,"3 Jun, 2020",1,0,0,2025-08-11 00:00
Hearts of Iron IV,7.0,"242,955",-70.0,14.99,49.99,"9 Apr, 2024",1,1,1,2025-08-11 00:00
Tiny Bookshop,8.0,"1,035",-10.0,17.99,19.99,"7 Aug, 2025",1,1,1,2025-08-11 00:00
Deadzone: Rogue,7.0,"5,713",-20.0,19.99,24.99,"11 Aug, 2025",1,0,0,2025-08-11 00:00
The Elder Scrolls® Online,7.0,"129,106",-75.0,4.99,19.99,"22 May, 2017",1,0,1,2025-08-11 00:00
Cyberpunk 2077: Phantom Liberty,7.0,"19,388",-30.0,20.99,29.99,"25 Sep, 2023",1,0,1,2025-08-11 00:00
Fallout 76,5.0,"67,334",-75.0,9.99,39.99,"14 Apr, 2020",1,0,0,2025-08-11 00:00
Stellaris,7.0,"129,484",-75.0,9.99,39.99,"9 May, 2016",1,1,1,2025-08-11 00:00
"Warhammer 40,000: Rogue Trader",7.0,"23,751",-50.0,24.99,49.99,"7 Dec, 2023",1,0,1,2025-08-11 00:00
Date Everything!,8.0,"4,086",-20.0,23.99,29.99,"17 Jun, 2025",1,0,0,2025-08-11 00:00
Europa Universalis IV,7.0,"90,996",-90.0,4.99,49.99,"13 Aug, 2013",1,1,1,2025-08-11 00:00
Disney Dreamlight Valley,7.0,"19,088",-30.0,27.99,39.99,"5 Dec, 2023",1,0,0,2025-08-11 00:00
The Witcher 3: Wild Hunt - Complete Edition,8.0,"787,763",-80.0,9.99,49.99,"30 Aug, 2016",1,0,0,2025-08-11 00:00
Stardew Valley,8.0,"784,685",-30.0,9.79,13.99,"26 Feb, 2016",1,1,1,2025-08-11 00:00
Street Fighter™ 6,7.0,"37,625",-25.0,29.99,39.99,"1 Jun, 2023",1,0,0,2025-08-11 00:00
Victoria 3,5.0,"35,817",-70.0,14.99,49.99,"25 Oct, 2022",1,1,1,2025-08-11 00:00
Resident Evil 4,8.0,"125,387",-50.0,19.99,39.99,"24 Jan, 2019",1,0,0,2025-08-11 00:00
Phasmophobia,8.0,"636,310",-25.0,14.62,19.5,"18 Sep, 2020",1,0,0,2025-08-11 00:00
Diablo® IV,5.0,"39,209",-55.0,22.49,49.99,"7 Oct, 2024",1,0,0,2025-08-11 00:00
Parcel Simulator,7.0,"1,117",-20.0,13.99,17.49,"20 Jun, 2025",1,0,0,2025-08-11 00:00
The Witcher 3: Wild Hunt,8.0,"772,465",-80.0,5.99,29.99,"18 May, 2015",1,0,0,2025-08-11 00:00
Echoes of the End,4.0,101,-10.0,35.99,39.99,"12 Aug, 2025",1,0,0,2025-08-11 00:00
Is This Seat Taken?,8.0,856,-10.0,8.77,9.75,"7 Aug, 2025",1,1,1,2025-08-11 00:00
Resident Evil Village,8.0,"85,930",-75.0,9.99,39.99,"7 May, 2021",1,0,0,2025-08-11 00:00
HITMAN World of Assassination,7.0,"43,059",-80.0,5.99,29.99,"20 Jan, 2022",1,0,0,2025-08-11 00:00
The Scouring,7.0,100,-10.0,22.05,24.5,"12 Aug, 2025",1,0,0,2025-08-11 00:00
Call of Duty®: Black Ops 6,4.0,"12,536",-45.0,43.99,79.99,"24 Oct, 2024",1,0,0,2025-08-11 00:00
NieR:Automata™,7.0,"106,210",-65.0,13.99,39.99,"17 Mar, 2017",1,0,0,2025-08-11 00:00
PowerWash Simulator,8.0,"46,881",-50.0,12.49,24.99,"14 Jul, 2022",1,0,0,2025-08-11 00:00
X4: Foundations,5.0,"20,474",-75.0,12.49,49.99,"30 Nov, 2018",1,1,0,2025-08-11 00:00
Devil May Cry 5,8.0,"103,981",-75.0,7.49,29.99,"7 Mar, 2019",1,0,0,2025-08-11 00:00
The Elder Scrolls V: Skyrim Special Edition,7.0,"193,924",-75.0,9.99,39.99,"27 Oct, 2016",1,0,0,2025-08-11 00:00
Resident Evil 7 Biohazard,8.0,"70,036",-60.0,7.99,19.99,"23 Jan, 2017",1,0,0,2025-08-11 00:00
DOOM: The Dark Ages,7.0,"17,845",-25.0,59.99,79.99,"14 May, 2025",1,0,0,2025-08-11 00:00
Devil May Cry HD Collection,7.0,"13,499",-67.0,9.89,29.99,"13 Mar, 2018",1,0,0,2025-08-11 00:00
Dune: Spice Wars,5.0,"10,815",-60.0,13.99,34.99,"14 Sep, 2023",1,0,0,2025-08-11 00:00
Call of Duty®: Black Ops III,7.0,"143,229",-67.0,19.79,59.99,"5 Nov, 2015",1,0,1,2025-08-11 00:00
Monster Hunter: World,7.0,"300,742",-67.0,9.89,29.99,"9 Aug, 2018",1,0,0,2025-08-11 00:00
The Elder Scrolls IV: Oblivion Remastered,5.0,"50,222",-20.0,43.99,54.99,"22 Apr, 2025",1,0,0,2025-08-11 00:00
Disco Elysium - The Final Cut,7.0,"104,505",-75.0,9.99,39.99,"15 Oct, 2019",1,0,1,2025-08-11 00:00
Pathfinder: Wrath of the Righteous - Enhanced Edition,7.0,"30,335",-65.0,6.99,19.99,"2 Sep, 2021",1,0,1,2025-08-11 00:00
DREDGE,8.0,"38,951",-50.0,13.49,26.99,"30 Mar, 2023",1,0,1,2025-08-11 00:00
Fallout 4,7.0,"264,763",-60.0,7.99,19.99,"9 Nov, 2015",1,0,0,2025-08-11 00:00
Sins of a Solar Empire II,7.0,"5,927",-30.0,32.19,45.99,"15 Aug, 2024",1,0,0,2025-08-11 00:00
Sid Meier’s Civilization® VI,7.0,"261,136",-90.0,5.99,59.99,"20 Oct, 2016",1,1,1,2025-08-11 00:00
Northgard,7.0,"51,735",-84.0,4.47,27.99,"7 Mar, 2018",1,1,1,2025-08-11 00:00
The Planet Crafter,8.0,"53,640",-40.0,14.39,23.99,"10 Apr, 2024",1,0,0,2025-08-11 00:00
Out and About,6.0,37,-10.0,15.74,17.49,"11 Aug, 2025",1,0,0,2025-08-11 00:00
Tiny Glade,8.0,"19,211",-20.0,11.83,14.79,"23 Sep, 2024",1,1,0,2025-08-11 00:00
Starfield,4.0,"109,329",-40.0,41.99,69.99,"5 Sep, 2023",1,0,0,2025-08-11 00:00
Dragon's Dogma 2,4.0,"71,246",-58.0,27.29,64.99,"21 Mar, 2024",1,0,0,2025-08-11 00:00
NieR Replicant™ ver.1.22474487139...,7.0,"19,640",-65.0,20.99,59.99,"23 Apr, 2021",1,0,0,2025-08-11 00:00
MakeRoom,7.0,176,-10.0,8.77,9.75,"7 Aug, 2025",1,0,0,2025-08-11 00:00
Monster Hunter Wilds,4.0,"165,280",-20.0,55.99,69.99,"27 Feb, 2025",1,0,0,2025-08-11 00:00
Phoenix Wright: Ace Attorney Trilogy,8.0,"30,896",-67.0,9.89,29.99,"9 Apr, 2019",1,0,0,2025-08-11 00:00
Against the Storm,8.0,"29,161",-50.0,14.99,29.99,"8 Dec, 2023",1,0,0,2025-08-11 00:00
DEATH STRANDING DIRECTOR'S CUT,7.0,"36,248",-50.0,19.99,39.99,"30 Mar, 2022",1,0,0,2025-08-11 00:00
PGA TOUR 2K25,4.0,"2,156",-33.0,46.89,69.99,"27 Feb, 2025",1,0,0,2025-08-11 00:00
Overcooked! 2,7.0,"54,475",-75.0,5.74,22.99,"7 Aug, 2018",1,1,1,2025-08-11 00:00
Fallout 4: Game of the Year Edition,7.0,"279,629",-60.0,15.99,39.99,"10 Nov, 2015",1,0,0,2025-08-11 00:00
Mortal Kombat 1,5.0,"25,575",-67.0,16.49,49.99,"19 Sep, 2023",1,0,0,2025-08-11 00:00
Devil May Cry 4 Special Edition,7.0,"14,351",-70.0,7.49,24.99,"23 Jun, 2015",1,0,0,2025-08-11 00:00
DOOM Eternal,7.0,"177,820",-75.0,9.99,39.99,"19 Mar, 2020",1,0,0,2025-08-11 00:00
Call of Duty®: Black Ops II,7.0,"21,588",-67.0,19.79,59.99,"12 Nov, 2012",1,0,0,2025-08-11 00:00
Foundation,7.0,"19,636",-30.0,23.79,33.99,"31 Jan, 2025",1,0,0,2025-08-11 00:00
End of Zoe,7.0,"1,063",-75.0,3.74,14.99,"11 Dec, 2017",1,0,0,2025-08-11 00:00
Passant: A Chess Roguelike,7.0,69,-10.0,10.61,11.79,"11 Aug, 2025",1,0,0,2025-08-11 00:00
Galactic Civilizations IV,5.0,"1,737",-50.0,18.24,36.49,"19 Oct, 2023",1,0,0,2025-08-11 00:00
Call of Duty®: Black Ops Cold War,7.0,"19,031",-67.0,19.79,59.99,"8 Mar, 2023",1,0,0,2025-08-11 00:00
Luma Island,7.0,"9,303",-30.0,13.99,19.99,"20 Nov, 2024",1,0,0,2025-08-11 00:00
The Stanley Parable: Ultra Deluxe,7.0,"29,962",-40.0,13.19,21.99,"27 Apr, 2022",1,1,1,2025-08-11 00:00
Wasteland 3,7.0,"16,347",-80.0,8.39,41.99,"27 Aug, 2020",1,1,1,2025-08-11 00:00
Party Animals,7.0,"48,269",-30.0,12.59,17.99,"20 Sep, 2023",1,0,0,2025-08-11 00:00
Pro Cycling Manager 25,5.0,258,-20.0,31.99,39.99,"5 Jun, 2025",1,0,0,2025-08-11 00:00
SpellForce: Conquest of Eo,7.0,"1,926",-67.0,9.89,29.99,"3 Feb, 2023",1,0,0,2025-08-11 00:00
Coral Island,7.0,"17,839",-33.0,20.09,29.99,"14 Nov, 2023",1,0,0,2025-08-11 00:00
Dominions 6 - Rise of the Pantokrator,7.0,"1,281",-35.0,28.59,43.99,"17 Jan, 2024",1,1,1,2025-08-11 00:00
MONSTER HUNTER RISE,7.0,"72,300",-75.0,9.99,39.99,"12 Jan, 2022",1,0,0,2025-08-11 00:00
Monster Hunter World: Iceborne,4.0,"17,582",-75.0,9.99,39.99,"9 Jan, 2020",1,0,0,2025-08-11 00:00
Haste,7.0,"7,310",-30.0,13.29,18.99,"1 Apr, 2025",1,1,1,2025-08-11 00:00
Resident Evil 3,7.0,"63,562",-75.0,9.99,39.99,"24 Jan, 2019",1,0,0,2025-08-11 00:00
Expansion - Hearts of Iron IV: Götterdämmerung,5.0,"1,581",-20.0,19.99,24.99,"14 Nov, 2024",1,1,1,2025-08-11 00:00
Call of Duty®: Modern Warfare®,5.0,"21,005",-67.0,19.79,59.99,"8 Mar, 2023",1,0,0,2025-08-11 00:00
Expansion - Hearts of Iron IV: Arms Against Tyranny,4.0,"1,869",-20.0,15.99,19.99,"10 Oct, 2023",1,1,1,2025-08-11 00:00
Spiritfarer®: Farewell Edition,8.0,"42,589",-85.0,4.34,28.99,"18 Aug, 2020",1,1,1,2025-08-11 00:00
Resident Evil 2,8.0,"122,245",-75.0,9.99,39.99,"24 Jan, 2019",1,0,0,2025-08-11 00:00
The Precinct,7.0,"5,409",-20.0,23.99,29.99,"13 May, 2025",1,0,0,2025-08-11 00:00
"Haiku, the Robot",7.0,"2,108",-80.0,3.79,18.99,"28 Apr, 2022",1,0,1,2025-08-11 00:00
Fast Food Simulator,7.0,"5,802",-30.0,10.35,14.79,"10 Dec, 2024",1,0,0,2025-08-11 00:00
Solasta: Crown of the Magister,7.0,"18,104",-70.0,8.99,29.99,"27 May, 2021",1,0,1,2025-08-11 00:00
Fallout: New Vegas,8.0,"185,139",-50.0,4.99,9.99,"21 Oct, 2010",1,0,0,2025-08-11 00:00
AI LIMIT,7.0,"16,922",-20.0,27.99,34.99,"27 Mar, 2025",1,0,0,2025-08-11 00:00
Wingspan,7.0,"8,754",-50.0,9.99,19.99,"17 Sep, 2020",1,0,1,2025-08-11 00:00
Castle Crashers - Painter Boss Paradise,7.0,686,-10.0,3.59,3.99,"6 Aug, 2025",1,0,1,2025-08-11 00:00
Vellum,7.0,983,-30.0,13.65,19.5,"2 May, 2025",1,0,0,2025-08-11 00:00
Indiana Jones and the Great Circle,7.0,"9,458",-20.0,55.99,69.99,"8 Dec, 2024",1,0,0,2025-08-11 00:00
Far Cry® 4,7.0,"57,726",-80.0,5.99,29.99,"17 Nov, 2014",1,0,0,2025-08-11 00:00
Deadzone: Rogue - Operative Pack,6.0,21,-20.0,9.99,12.49,"11 Aug, 2025",1,0,0,2025-08-11 00:00
Wolfenstein II: The New Colossus,7.0,"31,713",-85.0,4.49,29.99,"26 Oct, 2017",1,0,0,2025-08-11 00:00
ZEPHON,7.0,"1,309",-25.0,29.99,39.99,"8 Nov, 2024",1,1,0,2025-08-11 00:00
Citadelum,7.0,695,-30.0,17.49,24.99,"17 Oct, 2024",1,0,0,2025-08-11 00:00
The RPG,7.0,217,-10.0,13.31,14.79,"7 Aug, 2025",1,0,0,2025-08-11 00:00
OUTBRK,5.0,"1,987",-25.0,25.49,33.99,"28 Jun, 2024",1,0,0,2025-08-11 00:00
Gemporium: A Cute Mining Sim,7.0,272,-20.0,7.8,9.75,"7 Aug, 2025",1,0,0,2025-08-11 00:00
Escape Simulator,7.0,"15,054",-40.0,10.19,16.99,"19 Oct, 2021",1,0,1,2025-08-11 00:00
ONE PIECE: PIRATE WARRIORS 4,7.0,"15,996",-77.0,14.94,64.99,"26 Mar, 2020",1,0,0,2025-08-11 00:00
Monster Hunter Stories,7.0,728,-34.0,19.79,29.99,"13 Jun, 2024",1,0,0,2025-08-11 00:00
Heroes of Valor,7.0,769,-20.0,11.83,14.79,"12 Jun, 2025",1,0,0,2025-08-11 00:00
Terra Nil,7.0,"6,720",-60.0,9.99,24.99,"28 Mar, 2023",1,1,1,2025-08-11 00:00
Mortal Kombat 11,7.0,"80,737",-90.0,4.99,49.99,"23 Apr, 2019",1,0,0,2025-08-11 00:00
Strange Jigsaws,8.0,739,-10.0,4.49,4.99,"7 Aug, 2025",1,0,0,2025-08-11 00:00
Rise Of The White Sun - 白日升,7.0,610,-70.0,6.29,20.99,"21 Sep, 2023",1,1,1,2025-08-11 00:00
Nice Day for Fishing,7.0,"1,725",-20.0,15.99,19.99,"29 May, 2025",1,0,0,2025-08-11 00:00
WWE 2K25,4.0,"2,290",-50.0,29.99,59.99,"13 Mar, 2025",1,0,0,2025-08-11 00:00
Golf With Your Friends,7.0,"44,875",-70.0,4.49,14.99,"19 May, 2020",1,1,1,2025-08-11 00:00
SOMA,8.0,"40,454",-70.0,8.69,28.99,"21 Sep, 2015",1,1,1,2025-08-11 00:00
Victoria 3: Sphere of Influence,5.0,"1,131",-20.0,23.99,29.99,"24 Jun, 2024",1,1,1,2025-08-11 00:00
Apollo Justice: Ace Attorney Trilogy,7.0,"2,562",-50.0,24.99,49.99,"24 Jan, 2024",1,0,0,2025-08-11 00:00
This Grand Life 2,7.0,170,-20.0,13.99,17.49,"8 Aug, 2025",1,0,0,2025-08-11 00:00
Against the Storm - Nightwatchers,7.0,116,-10.0,13.49,14.99,"31 Jul, 2025",1,0,0,2025-08-11 00:00
Yield! Fall of Rome,5.0,138,-50.0,9.99,19.99,"11 Aug, 2025",1,0,1,2025-08-11 00:00
No Rest for the Wicked,5.0,"42,918",-30.0,27.99,39.99,"18 Apr, 2024",1,0,0,2025-08-11 00:00
IL-2 Sturmovik: Battle of Stalingrad,5.0,"7,979",-75.0,12.24,48.99,"22 Oct, 2014",1,0,0,2025-08-11 00:00
Ace Attorney Investigations Collection,8.0,"2,434",-25.0,29.99,39.99,"5 Sep, 2024",1,0,0,2025-08-11 00:00
Chained Echoes,7.0,"6,609",-50.0,12.49,24.99,"8 Dec, 2022",1,1,1,2025-08-11 00:00
The Elder Scrolls Online: 2025 Content Pass,4.0,90,-20.0,39.99,49.99,"10 Apr, 2025",1,0,1,2025-08-11 00:00
Expansion - Hearts of Iron IV: By Blood Alone,3.0,"2,897",-30.0,13.99,19.99,"27 Sep, 2022",1,1,1,2025-08-11 00:00
Expansion - Europa Universalis IV: Winds of Change,4.0,240,-20.0,15.99,19.99,"8 May, 2024",1,1,1,2025-08-11 00:00
Slime Rancher 2,7.0,"30,535",-34.0,18.8,28.49,"22 Sep, 2022",1,0,0,2025-08-11 00:00
Slime Rancher,8.0,"125,005",-75.0,4.74,18.99,"1 Aug, 2017",1,1,1,2025-08-11 00:00
The Plucky Squire,7.0,"2,097",-50.0,14.99,29.99,"17 Sep, 2024",1,0,0,2025-08-11 00:00
Granblue Fantasy: Relink,7.0,"36,206",-55.0,26.99,59.99,"31 Jan, 2024",1,0,0,2025-08-11 00:00
ContractVille,7.0,"3,677",-50.0,14.49,28.99,"26 May, 2025",1,0,0,2025-08-11 00:00
PlateUp!,7.0,"16,229",-70.0,5.85,19.5,"4 Aug, 2022",1,0,0,2025-08-11 00:00
Hell Let Loose,7.0,"91,638",-55.0,26.99,59.99,"27 Jul, 2021",1,0,0,2025-08-11 00:00
Monster Hunter Rise + Sunbreak,7.0,"76,958",-75.0,14.99,59.99,"29 Jun, 2022",1,0,0,2025-08-11 00:00
Stellaris: The Machine Age,5.0,792,-20.0,19.99,24.99,"7 May, 2024",1,1,1,2025-08-11 00:00
The Walking Dead: The Telltale Definitive Series,8.0,"24,325",-75.0,12.24,48.99,"29 Oct, 2020",1,0,0,2025-08-11 00:00
Resident Evil 5,7.0,"36,260",-75.0,4.99,19.99,"15 Sep, 2009",1,0,0,2025-08-11 00:00
Sid Meier's Civilization® V,8.0,"124,875",-75.0,7.49,29.99,"23 Sep, 2010",1,1,1,2025-08-11 00:00
DOOM,8.0,"145,528",-80.0,3.99,19.99,"12 May, 2016",1,0,0,2025-08-11 00:00
Content Warning,7.0,"60,126",-30.0,5.45,7.79,"1 Apr, 2024",1,0,0,2025-08-11 00:00
Double Dragon Gaiden: Rise Of The Dragons,7.0,887,-65.0,8.74,24.99,"27 Jul, 2023",1,0,0,2025-08-11 00:00
Wolfenstein: The New Order,7.0,"42,313",-75.0,4.99,19.99,"19 May, 2014",1,0,0,2025-08-11 00:00
Life is Strange: Double Exposure,4.0,"6,064",-50.0,24.99,49.99,"29 Oct, 2024",1,0,0,2025-08-11 00:00
Expansion - Hearts of Iron IV: No Step Back,4.0,"3,395",-30.0,13.99,19.99,"23 Nov, 2021",1,1,1,2025-08-11 00:00
Total Conflict: Resistance,5.0,"4,172",-25.0,21.74,28.99,"21 Apr, 2023",1,0,0,2025-08-11 00:00
The Thaumaturge,7.0,"3,030",-50.0,17.49,34.99,"4 Mar, 2024",1,0,0,2025-08-11 00:00
Street Fighter™ 6 - Year 2 Character Pass,4.0,143,-20.0,23.99,29.99,"7 Jun, 2024",1,0,0,2025-08-11 00:00
Orebound,5.0,538,-40.0,14.99,24.99,"24 Oct, 2024",1,0,0,2025-08-11 00:00
[NINJA GAIDEN: Master Collection] NINJA GAIDEN Σ2,5.0,"1,386",-50.0,19.99,39.99,"9 Jun, 2021",1,0,0,2025-08-11 00:00
Call of Duty®: WWII,5.0,"30,942",-60.0,39.99,99.99,"2 Nov, 2017",1,0,0,2025-08-11 00:00
Human Fall Flat,7.0,"165,704",-70.0,5.99,19.99,"22 Jul, 2016",1,0,1,2025-08-11 00:00
Trepang2,7.0,"12,027",-50.0,14.99,29.99,"21 Jun, 2023",1,0,0,2025-08-11 00:00
Call of Duty®: Modern Warfare® Remastered (2017),4.0,"11,922",-50.0,19.99,39.99,"27 Jul, 2017",1,0,0,2025-08-11 00:00
Cast n Chill,7.0,"2,595",-20.0,11.83,14.79,"16 Jun, 2025",1,0,1,2025-08-11 00:00
Predator: Hunting Grounds,5.0,"3,796",-75.0,4.87,19.5,"29 Apr, 2021",1,0,0,2025-08-11 00:00
"Warhammer 40,000: Rogue Trader - Deluxe Pack",5.0,71,-50.0,7.49,14.99,"7 Dec, 2023",1,0,1,2025-08-11 00:00
Expansion - Hearts of Iron IV: La Résistance,4.0,"2,108",-50.0,9.99,19.99,"25 Feb, 2020",1,1,1,2025-08-11 00:00
Age of Wonders: Planetfall,7.0,"4,622",-66.0,10.19,29.99,"6 Aug, 2019",1,0,1,2025-08-11 00:00
Rise of the Ronin,4.0,"4,373",-25.0,37.49,49.99,"10 Mar, 2025",1,0,0,2025-08-11 00:00
X4: Timelines,4.0,"1,787",-20.0,11.99,14.99,"20 Jun, 2024",1,1,0,2025-08-11 00:00
Resident Evil 0,7.0,"10,195",-75.0,4.99,19.99,"19 Jan, 2016",1,0,0,2025-08-11 00:00
Knights of Honor II: Sovereign,5.0,"4,386",-67.0,14.84,44.99,"6 Dec, 2022",1,0,0,2025-08-11 00:00
The Elder Scrolls V: Skyrim Anniversary Upgrade,4.0,"6,522",-50.0,9.99,19.99,"10 Nov, 2021",1,0,0,2025-08-11 00:00
Artis Impact,7.0,"1,009",-10.0,15.29,16.99,"7 Aug, 2025",1,0,0,2025-08-11 00:00
Back 4 Blood,4.0,"52,480",-90.0,5.99,59.99,"12 Oct, 2021",1,0,0,2025-08-11 00:00
Öoo,8.0,672,-20.0,7.8,9.75,"7 Aug, 2025",1,0,0,2025-08-11 00:00
FATAL FURY: City of the Wolves,7.0,"1,603",-40.0,35.99,59.99,"24 Apr, 2025",1,0,0,2025-08-11 00:00
Gatekeeper,7.0,"1,927",-35.0,9.74,14.99,"1 Aug, 2025",1,0,0,2025-08-11 00:00
Heroes of Science and Fiction,7.0,333,-50.0,12.49,24.99,"30 Sep, 2024",1,1,0,2025-08-11 00:00
Dune: Spice Wars - House Vernius of Ix,7.0,116,-40.0,7.79,12.99,"7 Mar, 2024",1,0,0,2025-08-11 00:00
The Texas Chain Saw Massacre,4.0,"18,152",-75.0,4.87,19.5,"18 Aug, 2023",1,0,0,2025-08-11 00:00
Super Mini Mart,7.0,79,-33.0,7.89,11.79,"15 Apr, 2025",1,0,0,2025-08-11 00:00
Resident Evil 6,5.0,"40,517",-75.0,4.99,19.99,"21 Mar, 2013",1,0,0,2025-08-11 00:00
Prototype 2,5.0,"9,661",-75.0,7.49,29.99,"26 Jul, 2012",1,0,0,2025-08-11 00:00
X4: Kingdom End,7.0,422,-50.0,7.49,14.99,"12 Apr, 2023",1,1,0,2025-08-11 00:00
The Planet Crafter - Planet Humble,5.0,753,-30.0,5.59,7.99,"9 Oct, 2024",1,0,0,2025-08-11 00:00
Offworld Trading Company,5.0,"3,529",-75.0,6.74,26.99,"28 Apr, 2016",1,0,1,2025-08-11 00:00
We Love Katamari REROLL+ Royal Reverie,8.0,"1,812",-75.0,7.49,29.99,"1 Jun, 2023",1,0,0,2025-08-11 00:00
Fate/hollow ataraxia REMASTERED,7.0,258,-10.0,26.09,28.99,"6 Aug, 2025",1,0,0,2025-08-11 00:00
Outlast,8.0,"94,185",-50.0,7.39,14.79,"4 Sep, 2013",1,1,1,2025-08-11 00:00
Worms W.M.D,7.0,"8,898",-80.0,5.99,29.99,"23 Aug, 2016",1,1,1,2025-08-11 00:00
Blasphemous,7.0,"44,605",-75.0,6.24,24.99,"10 Sep, 2019",1,1,1,2025-08-11 00:00
Resident Evil,7.0,"20,807",-75.0,4.99,19.99,"19 Jan, 2015",1,0,0,2025-08-11 00:00
"Warhammer 40,000: Gladius - Relics of War",7.0,"7,476",-90.0,4.08,40.86,"12 Jul, 2018",1,1,0,2025-08-11 00:00
Wolfenstein: Youngblood,4.0,"11,683",-75.0,4.99,19.99,"25 Jul, 2019",1,0,0,2025-08-11 00:00
Call of Duty: World at War,7.0,"43,607",-25.0,14.99,19.99,"18 Nov, 2008",1,0,0,2025-08-11 00:00
The Escapists 2,7.0,"25,329",-75.0,4.99,19.99,"21 Aug, 2017",1,1,1,2025-08-11 00:00
Call of Duty®: Modern Warfare® 3 (2011),7.0,"14,323",-50.0,19.99,39.99,"7 Nov, 2011",1,0,0,2025-08-11 00:00
Dread Delusion,7.0,"3,903",-45.0,9.23,16.79,"14 May, 2024",1,0,0,2025-08-11 00:00
Kebab Chefs! - Restaurant Simulator,7.0,"5,877",-30.0,12.24,17.49,"19 Jan, 2024",1,0,0,2025-08-11 00:00
Ultimate Chicken Horse,8.0,"37,649",-60.0,5.19,12.99,"4 Mar, 2016",1,1,1,2025-08-11 00:00
The Headliners,7.0,"5,599",-25.0,5.84,7.79,"30 Jan, 2025",1,0,0,2025-08-11 00:00
Sovereign Syndicate,7.0,377,-50.0,9.75,19.5,"15 Jan, 2024",1,0,0,2025-08-11 00:00
Wasteland 2: Director's Cut,7.0,"4,632",-80.0,4.99,24.99,"18 Sep, 2014",1,1,1,2025-08-11 00:00
Card Shop Simulator Multiplayer,7.0,672,-40.0,7.07,11.79,"17 Jun, 2025",1,0,0,2025-08-11 00:00
Dishonored®: Death of the Outsider™,7.0,"9,055",-80.0,5.99,29.99,"14 Sep, 2017",1,0,0,2025-08-11 00:00
Call of Duty®: Black Ops,7.0,"20,437",-50.0,19.99,39.99,"8 Nov, 2010",1,0,0,2025-08-11 00:00
Pathfinder: Kingmaker — Enhanced Plus Edition,5.0,"26,879",-85.0,2.99,19.99,"25 Sep, 2018",1,1,1,2025-08-11 00:00
Caves of Qud,8.0,"9,995",-15.0,24.64,28.99,"5 Dec, 2024",1,1,1,2025-08-11 00:00
Stellaris: Overlord,4.0,"1,226",-50.0,9.99,19.99,"12 May, 2022",1,1,1,2025-08-11 00:00
Moonstone Island,7.0,"3,348",-50.0,9.75,19.5,"20 Sep, 2023",1,1,1,2025-08-11 00:00
Heart of the Machine,7.0,"1,061",-35.0,19.49,29.99,"31 Jan, 2025",1,0,1,2025-08-11 00:00
Star Trek: Infinite,4.0,"2,893",-50.0,14.99,29.99,"12 Oct, 2023",1,0,1,2025-08-11 00:00
Hacknet,7.0,"16,203",-85.0,1.46,9.75,"12 Aug, 2015",1,1,1,2025-08-11 00:00
Totally Accurate Battle Simulator,8.0,"129,239",-66.0,6.45,18.99,"1 Apr, 2021",1,0,1,2025-08-11 00:00
X4: Cradle of Humanity,7.0,340,-60.0,5.99,14.99,"16 Mar, 2021",1,1,0,2025-08-11 00:00
Street Fighter V,5.0,"27,480",-50.0,9.99,19.99,"15 Feb, 2016",1,0,0,2025-08-11 00:00
Gloomhaven,7.0,"12,881",-65.0,12.24,34.99,"20 Oct, 2021",1,0,1,2025-08-11 00:00
Neva,7.0,"6,774",-30.0,13.99,19.99,"15 Oct, 2024",1,0,1,2025-08-11 00:00
Just Cause™ 3,7.0,"99,884",-85.0,2.99,19.99,"30 Nov, 2015",1,0,0,2025-08-11 00:00
Ghost Trick: Phantom Detective,8.0,"4,897",-50.0,14.99,29.99,"29 Jun, 2023",1,0,0,2025-08-11 00:00
For The King,7.0,"29,743",-80.0,3.99,19.99,"19 Apr, 2018",1,1,1,2025-08-11 00:00
Mouthwashing,8.0,"28,680",-30.0,8.95,12.79,"26 Sep, 2024",1,0,0,2025-08-11 00:00
Children of Morta,7.0,"16,695",-80.0,4.39,21.99,"3 Sep, 2019",1,1,1,2025-08-11 00:00
Zero Hour,5.0,"27,692",-80.0,1.95,9.75,"9 Sep, 2024",1,0,0,2025-08-11 00:00
Wolfenstein: The Old Blood,7.0,"16,023",-75.0,4.99,19.99,"4 May, 2015",1,0,0,2025-08-11 00:00
Dishonored 2,7.0,"40,439",-80.0,5.99,29.99,"11 Nov, 2016",1,0,0,2025-08-11 00:00
Airships: Conquer the Skies,8.0,"5,626",-60.0,9.8,24.5,"16 Aug, 2018",1,1,1,2025-08-11 00:00
Return to Monkey Island,7.0,"8,055",-70.0,7.35,24.5,"19 Sep, 2022",1,1,1,2025-08-11 00:00
The Elder Scrolls V: Skyrim VR,5.0,"8,588",-75.0,14.99,59.99,"2 Apr, 2018",1,0,0,2025-08-11 00:00
The Ranch of Rivershine,7.0,"1,558",-35.0,16.24,24.99,"23 May, 2025",1,0,0,2025-08-11 00:00
X4: Tides of Avarice,5.0,295,-60.0,5.99,14.99,"14 Mar, 2022",1,1,0,2025-08-11 00:00
Ale & Tale Tavern,7.0,"6,563",-52.0,8.6,17.8,"5 Sep, 2024",1,0,0,2025-08-11 00:00
The Ascent,5.0,"18,131",-75.0,7.49,29.99,"29 Jul, 2021",1,0,0,2025-08-11 00:00
Expansion - Hearts of Iron IV: Man the Guns,4.0,"1,824",-70.0,5.99,19.99,"28 Feb, 2019",1,1,1,2025-08-11 00:00
The Great Ace Attorney Chronicles,7.0,"4,586",-60.0,15.99,39.99,"26 Jul, 2021",1,0,0,2025-08-11 00:00
Sun Haven,7.0,"19,984",-50.0,12.25,24.5,"10 Mar, 2023",1,0,1,2025-08-11 00:00
Victoria II,7.0,"16,123",-75.0,4.99,19.99,"30 Aug, 2010",1,0,0,2025-08-11 00:00
Dishonored: Death of the Outsider - Deluxe Bundle,7.0,"49,494",-80.0,11.99,59.99,"14 Sep, 2017",1,0,0,2025-08-11 00:00
Age of History 3,7.0,"13,445",-40.0,5.99,9.99,"23 Oct, 2024",1,0,1,2025-08-11 00:00
Prey,7.0,"35,390",-80.0,5.99,29.99,"4 May, 2017",1,0,0,2025-08-11 00:00
Rust - Sunburn Pack,7.0,"1,873",-50.0,4.99,9.99,"9 Jul, 2020",1,0,1,2025-08-11 00:00
Intravenous 2,8.0,"2,913",-35.0,12.93,19.9,"15 Aug, 2024",1,0,0,2025-08-11 00:00
Roman Triumph: Survival City Builder,7.0,483,-25.0,18.74,24.99,"3 Apr, 2025",1,0,0,2025-08-11 00:00
Bus Flipper: Renovator Simulator,5.0,210,-25.0,9.59,12.79,"31 Jul, 2025",1,0,0,2025-08-11 00:00
Dark Envoy,5.0,666,-67.0,9.56,28.99,"24 Oct, 2023",1,0,0,2025-08-11 00:00
Expansion - Europa Universalis IV: Domination,4.0,562,-20.0,15.99,19.99,"18 Apr, 2023",1,1,1,2025-08-11 00:00
Victoria 3: Pivot of Empire,4.0,339,-20.0,7.99,9.99,"21 Nov, 2024",1,1,1,2025-08-11 00:00
Cat Quest III,7.0,"2,500",-50.0,9.99,19.99,"8 Aug, 2024",1,0,0,2025-08-11 00:00
Death's Door,7.0,"17,042",-75.0,4.87,19.5,"20 Jul, 2021",1,0,0,2025-08-11 00:00
Slay the Princess — The Pristine Cut,8.0,"23,979",-30.0,12.24,17.49,"23 Oct, 2023",1,1,1,2025-08-11 00:00
Call of Duty®: Infinite Warfare,4.0,"16,133",-67.0,19.79,59.99,"3 Nov, 2016",1,0,0,2025-08-11 00:00
Cooking Simulator VR,7.0,"1,328",-60.0,8.39,20.99,"29 Jul, 2021",1,0,0,2025-08-11 00:00
Cooking Simulator,7.0,"16,959",-70.0,5.03,16.79,"6 Jun, 2019",1,0,0,2025-08-11 00:00
The Witcher 2: Assassins of Kings Enhanced Edition,7.0,"77,352",-85.0,2.99,19.99,"16 Apr, 2012",1,1,1,2025-08-11 00:00
WITCH ON THE HOLY NIGHT,8.0,"5,254",-35.0,30.21,46.49,"14 Dec, 2023",1,0,0,2025-08-11 00:00
DOOM + DOOM II,8.0,"22,494",-60.0,3.99,9.99,"3 Aug, 2007",1,0,0,2025-08-11 00:00
Parkasaurus,7.0,"2,623",-75.0,5.24,20.99,"12 Aug, 2020",1,0,0,2025-08-11 00:00
Assassin's Creed® Revelations,7.0,"17,000",-70.0,4.49,14.99,"30 Nov, 2011",1,0,0,2025-08-11 00:00
Tower of Time,7.0,"2,144",-86.0,3.35,23.99,"12 Apr, 2018",1,1,0,2025-08-11 00:00
Wingspan: Asia Expansion,6.0,32,-10.0,10.79,11.99,"16 Jun, 2025",1,0,1,2025-08-11 00:00
Megaquarium,8.0,"3,090",-70.0,7.35,24.5,"13 Sep, 2018",1,1,1,2025-08-11 00:00
Tony Hawk's™ Pro Skater™ 1 + 2,7.0,"4,139",-60.0,17.99,44.99,"3 Oct, 2023",1,0,0,2025-08-11 00:00
Warnament,7.0,79,-25.0,9.59,12.79,"7 Aug, 2025",1,1,1,2025-08-11 00:00
Assassin’s Creed® Brotherhood,7.0,"22,069",-75.0,3.74,14.99,"17 Mar, 2011",1,0,0,2025-08-11 00:00
Immersion Pack - Europa Universalis IV: King of Kings,5.0,210,-20.0,11.99,14.99,"6 Nov, 2023",1,1,1,2025-08-11 00:00
Call of Duty®: Advanced Warfare - Gold Edition,4.0,"10,665",-67.0,19.79,59.99,"2 Nov, 2014",1,0,0,2025-08-11 00:00
Hitman: Absolution™,7.0,"43,743",-90.0,1.99,19.99,"19 Nov, 2012",1,0,0,2025-08-11 00:00
ZERO Sievert,7.0,"12,676",-30.0,13.99,19.99,"23 Oct, 2024",1,0,0,2025-08-11 00:00
Amnesia: The Bunker,7.0,"8,145",-65.0,8.57,24.5,"6 Jun, 2023",1,0,0,2025-08-11 00:00
Immersion Pack - Europa Universalis IV: Lions of the North,7.0,378,-35.0,9.74,14.99,"13 Sep, 2022",1,1,1,2025-08-11 00:00
Crow Country,8.0,"5,418",-40.0,11.7,19.5,"9 May, 2024",1,0,0,2025-08-11 00:00
Stellaris: Grand Archive,4.0,248,-20.0,11.99,14.99,"29 Oct, 2024",1,1,1,2025-08-11 00:00
Rust - Voice Props Pack,7.0,"1,750",-50.0,6.49,12.99,"1 Jul, 2021",1,0,1,2025-08-11 00:00
Fallout 4 VR,4.0,"5,328",-67.0,19.79,59.99,"11 Dec, 2017",1,0,0,2025-08-11 00:00
Fallout 3: Game of the Year Edition,7.0,"40,011",-67.0,6.59,19.99,"17 Dec, 2009",1,0,0,2025-08-11 00:00
Rusty's Retirement,8.0,"12,480",-33.0,4.68,6.99,"26 Apr, 2024",1,0,1,2025-08-11 00:00
Moonlighter,7.0,"15,825",-90.0,1.99,19.99,"29 May, 2018",1,1,1,2025-08-11 00:00
The Jackbox Party Pack 3,8.0,"4,901",-40.0,14.99,24.99,"17 Oct, 2016",1,1,1,2025-08-11 00:00
The Battle of Polytopia,7.0,"4,128",-60.0,4.99,12.49,"4 Aug, 2020",1,1,1,2025-08-11 00:00
Weird West: Definitive Edition,5.0,"3,605",-85.0,5.99,39.99,"31 Mar, 2022",1,0,0,2025-08-11 00:00
Rift of the NecroDancer,7.0,"3,584",-25.0,14.62,19.5,"5 Feb, 2025",1,0,0,2025-08-11 00:00
GRIS,8.0,"76,816",-80.0,2.95,14.79,"13 Dec, 2018",1,0,1,2025-08-11 00:00
Dishonored,8.0,"62,980",-75.0,2.49,9.99,"11 Oct, 2012",1,0,0,2025-08-11 00:00
Against the Storm - Keepers of the Stone,7.0,360,-35.0,9.74,14.99,"26 Sep, 2024",1,0,0,2025-08-11 00:00
ROUNDS,8.0,"30,429",-50.0,2.74,5.49,"1 Apr, 2021",1,0,0,2025-08-11 00:00
X4: Split Vendetta,7.0,251,-70.0,4.49,14.99,"31 Mar, 2020",1,1,0,2025-08-11 00:00
Call of Duty®: Ghosts,4.0,"12,035",-67.0,19.79,59.99,"25 Mar, 2014",1,0,0,2025-08-11 00:00
Stellaris: Apocalypse,4.0,"1,466",-50.0,9.99,19.99,"22 Feb, 2018",1,1,1,2025-08-11 00:00
Cultist Simulator,7.0,"9,500",-60.0,7.99,19.99,"31 May, 2018",1,1,1,2025-08-11 00:00
Cosmoteer: Starship Architect & Commander,7.0,"10,817",-30.0,13.29,18.99,"24 Oct, 2022",1,0,0,2025-08-11 00:00
Nioh 2 – The Complete Edition,7.0,"31,449",-55.0,26.99,59.99,"5 Feb, 2021",1,0,0,2025-08-11 00:00
Call of Duty®: Vanguard,4.0,"3,407",-60.0,23.99,59.99,"8 Mar, 2023",1,0,0,2025-08-11 00:00
Starfield - Shattered Space,3.0,"3,466",-20.0,23.99,29.99,"30 Sep, 2024",1,0,0,2025-08-11 00:00
Ancient Cities,4.0,"1,746",-50.0,14.99,29.99,"24 Mar, 2023",1,0,0,2025-08-11 00:00
Moving Out 2,5.0,281,-60.0,11.99,29.99,"15 Aug, 2023",1,0,0,2025-08-11 00:00
Country Pack - Hearts of Iron IV: Trial of Allegiance,3.0,"2,216",-20.0,11.99,14.99,"7 Mar, 2024",1,1,1,2025-08-11 00:00
Resident Evil Village - Winters’ Expansion,4.0,"2,356",-50.0,9.99,19.99,"27 Oct, 2022",1,0,0,2025-08-11 00:00
Stick Fight: The Game,7.0,"98,296",-60.0,1.9,4.75,"28 Sep, 2017",1,0,1,2025-08-11 00:00
Bloomtown: A Different Story,7.0,980,-50.0,12.49,24.99,"24 Sep, 2024",1,0,0,2025-08-11 00:00
Static Dread: The Lighthouse,7.0,323,-25.0,9.59,12.79,"6 Aug, 2025",1,0,0,2025-08-11 00:00
Crash Bandicoot™ N. Sane Trilogy,7.0,"14,530",-60.0,15.99,39.99,"29 Jun, 2018",1,0,0,2025-08-11 00:00
Stellaris: Federations,5.0,951,-50.0,9.99,19.99,"17 Mar, 2020",1,1,1,2025-08-11 00:00
Deliver At All Costs,5.0,188,-20.0,23.99,29.99,"22 May, 2025",1,0,0,2025-08-11 00:00
Resident Evil 4 (2005),7.0,"67,134",-75.0,4.99,19.99,"27 Feb, 2014",1,0,0,2025-08-11 00:00
Blasphemous 2,7.0,"11,546",-40.0,22.79,37.99,"24 Aug, 2023",1,0,0,2025-08-11 00:00
Sleeping Dogs: Definitive Edition,7.0,"62,000",-85.0,2.99,19.99,"8 Oct, 2014",1,0,1,2025-08-11 00:00
Blood Bowl 3,4.0,"3,476",-60.0,11.99,29.99,"23 Feb, 2023",1,0,0,2025-08-11 00:00
Time Flies,7.0,103,-10.0,12.59,13.99,"31 Jul, 2025",1,0,1,2025-08-11 00:00
Stellaris: Utopia,5.0,"1,291",-50.0,9.99,19.99,"6 Apr, 2017",1,1,1,2025-08-11 00:00
DOOM 3,7.0,"8,327",-60.0,3.99,9.99,"18 Oct, 2012",1,0,0,2025-08-11 00:00
Citizen Sleeper 2: Starward Vector,7.0,"1,364",-25.0,18.37,24.5,"31 Jan, 2025",1,0,1,2025-08-11 00:00
THE HOUSE OF THE DEAD: Remake,4.0,"2,217",-90.0,2.49,24.99,"28 Apr, 2022",1,0,0,2025-08-11 00:00
Scythe: Digital Edition,7.0,"3,026",-70.0,5.99,19.99,"5 Sep, 2018",1,0,1,2025-08-11 00:00
Stellaris: Galactic Paragons,4.0,920,-50.0,7.49,14.99,"9 May, 2023",1,1,1,2025-08-11 00:00
Call of Duty®: Modern Warfare® 2 (2009),7.0,"33,682",-25.0,14.99,19.99,"11 Nov, 2009",1,0,1,2025-08-11 00:00
Spirit of the North,7.0,"4,747",-75.0,4.19,16.79,"7 May, 2020",1,0,0,2025-08-11 00:00
Cauldron,7.0,941,-20.0,11.99,14.99,"21 May, 2025",1,0,0,2025-08-11 00:00
Resident Evil Revelations,7.0,"9,631",-75.0,4.99,19.99,"23 May, 2013",1,0,0,2025-08-11 00:00
DmC: Devil May Cry,7.0,"19,001",-75.0,7.49,29.99,"24 Jan, 2013",1,0,0,2025-08-11 00:00
Battletoads,4.0,"1,994",-85.0,2.99,19.99,"20 Aug, 2020",1,0,0,2025-08-11 00:00
Call of Duty® 4: Modern Warfare® (2007),7.0,"20,482",-50.0,9.99,19.99,"12 Nov, 2007",1,0,1,2025-08-11 00:00
Sid Meier’s Civilization® VI: Rise and Fall,4.0,"2,279",-50.0,14.99,29.99,"7 Feb, 2018",1,1,1,2025-08-11 00:00
Drova - Forsaken Kin,8.0,"7,165",-25.0,18.74,24.99,"15 Oct, 2024",1,1,1,2025-08-11 00:00
Becastled,7.0,"4,622",-33.0,10.04,14.99,"8 Feb, 2021",1,0,0,2025-08-11 00:00
Call of Duty: United Offensive,7.0,"2,043",-25.0,14.99,19.99,"7 Dec, 2006",1,0,0,2025-08-11 00:00
Monster Hunter Rise: Sunbreak,4.0,"4,657",-75.0,9.99,39.99,"29 Jun, 2022",1,0,0,2025-08-11 00:00
Torment: Tides of Numenera,5.0,"1,981",-75.0,7.49,29.99,"27 Feb, 2017",1,1,1,2025-08-11 00:00
Fallout 76: Atomic Angler Bundle,4.0,46,-40.0,17.99,29.99,"3 Jun, 2025",1,0,0,2025-08-11 00:00
Monster Hunter World: Iceborne Deluxe Kit,7.0,171,-35.0,9.74,14.99,"9 Jan, 2020",1,0,0,2025-08-11 00:00
The Evil Within 2,7.0,"18,539",-80.0,5.99,29.99,"12 Oct, 2017",1,0,0,2025-08-11 00:00
Fallen City Brawl,4.0,13,-10.0,13.49,14.99,"12 Aug, 2025",1,0,0,2025-08-11 00:00
Ion Fury,7.0,"5,467",-60.0,9.99,24.99,"15 Aug, 2019",1,1,0,2025-08-11 00:00
Mortal Kombat X,7.0,"36,594",-80.0,3.99,19.99,"13 Apr, 2015",1,0,0,2025-08-11 00:00
Golf It!,7.0,"23,370",-56.0,3.95,8.99,"18 Aug, 2023",1,0,1,2025-08-11 00:00
ABZU,7.0,"21,001",-75.0,4.99,19.99,"2 Aug, 2016",1,0,0,2025-08-11 00:00
Rayman® Legends,7.0,"9,620",-80.0,3.99,19.99,"29 Aug, 2013",1,0,0,2025-08-11 00:00
PowerWash Simulator – Wallace & Gromit Special Pack,7.0,92,-25.0,5.99,7.99,"4 Mar, 2025",1,0,0,2025-08-11 00:00
OneShot,8.0,"51,070",-40.0,5.85,9.75,"8 Dec, 2016",1,1,1,2025-08-11 00:00
Tinkerlands,7.0,"2,273",-25.0,9.74,12.99,"23 May, 2025",1,0,0,2025-08-11 00:00
Crash Bandicoot™ 4: It’s About Time,7.0,"3,246",-50.0,19.99,39.99,"18 Oct, 2022",1,0,0,2025-08-11 00:00
Die in the Dungeon,7.0,"1,926",-25.0,9.74,12.99,"21 Feb, 2025",1,0,1,2025-08-11 00:00
Ara: History Untold,4.0,"1,799",-50.0,29.99,59.99,"24 Sep, 2024",1,0,0,2025-08-11 00:00
Fischer's Fishing Journey,7.0,238,-10.0,7.01,7.79,"7 Aug, 2025",1,0,0,2025-08-11 00:00
Crypt Custodian,8.0,"1,969",-30.0,13.65,19.5,"27 Aug, 2024",1,0,0,2025-08-11 00:00
Country Pack - Hearts of Iron IV: Battle for the Bosporus,4.0,"2,745",-50.0,4.99,9.99,"15 Oct, 2020",1,1,1,2025-08-11 00:00
Netherworld Covenant,7.0,255,-10.0,15.74,17.49,"18 Jun, 2025",1,0,1,2025-08-11 00:00
RESIDENT EVIL 2 / BIOHAZARD RE:2 Deluxe Edition,8.0,"125,428",-75.0,12.49,49.99,"24 Jan, 2019",1,0,0,2025-08-11 00:00
Sid Meier's Civilization®: Beyond Earth™,4.0,"13,731",-75.0,9.99,39.99,"23 Oct, 2014",1,1,1,2025-08-11 00:00
Stellaris: First Contact Story Pack,4.0,489,-50.0,7.49,14.99,"14 Mar, 2023",1,1,1,2025-08-11 00:00
Wizard with a Gun,7.0,"2,610",-70.0,7.35,24.5,"17 Oct, 2023",1,0,0,2025-08-11 00:00
Stellaris: Astral Planes,3.0,"1,048",-50.0,9.99,19.99,"16 Nov, 2023",1,1,1,2025-08-11 00:00
Disciples: Liberation,5.0,"2,468",-65.0,13.99,39.99,"21 Oct, 2021",1,0,0,2025-08-11 00:00
Resident Evil Deluxe Origins Bundle / Biohazard Deluxe Origins Bundle,7.0,"31,201",-75.0,9.99,39.99,"19 Jan, 2016",1,0,0,2025-08-11 00:00
Soulmask,7.0,"13,001",-30.0,20.99,29.99,"30 May, 2024",1,0,0,2025-08-11 00:00
Okami HD,7.0,"7,651",-50.0,9.99,19.99,"12 Dec, 2017",1,0,0,2025-08-11 00:00
Expansion - Europa Universalis IV: Emperor,4.0,794,-35.0,12.99,19.99,"9 Jun, 2020",1,1,1,2025-08-11 00:00
MARVEL vs. CAPCOM Fighting Collection: Arcade Classics,7.0,"1,719",-40.0,29.99,49.99,"11 Sep, 2024",1,0,0,2025-08-11 00:00
Cat Quest II,8.0,"5,304",-75.0,3.74,14.99,"24 Sep, 2019",1,0,0,2025-08-11 00:00
Spyro™ Reignited Trilogy,7.0,"12,848",-65.0,13.99,39.99,"3 Sep, 2019",1,0,0,2025-08-11 00:00
Ghostwire: Tokyo,7.0,"11,093",-75.0,14.99,59.99,"24 Mar, 2022",1,0,0,2025-08-11 00:00
Victoria 3: Colossus of the South,5.0,350,-20.0,4.79,5.99,"14 Nov, 2023",1,1,1,2025-08-11 00:00
Katamari Damacy REROLL,7.0,"4,572",-75.0,4.99,19.99,"6 Dec, 2018",1,0,0,2025-08-11 00:00
Chained Echoes: Ashes of Elrant,6.0,38,-10.0,8.99,9.99,"7 Aug, 2025",1,1,1,2025-08-11 00:00
Minutescape,5.0,340,-30.0,4.12,5.89,"15 Apr, 2025",1,1,1,2025-08-11 00:00
Ship of Fools,7.0,"4,408",-60.0,8.79,21.99,"22 Nov, 2022",1,0,0,2025-08-11 00:00
BOKURA,7.0,"8,911",-70.0,1.61,5.39,"9 Aug, 2023",1,0,1,2025-08-11 00:00
Zoria: Age of Shattering,5.0,453,-50.0,12.25,24.5,"7 Mar, 2024",1,1,0,2025-08-11 00:00
Victoria 3: Voice of the People,3.0,"1,013",-40.0,8.99,14.99,"22 May, 2023",1,1,1,2025-08-11 00:00
Lynked: Banner of the Spark,7.0,312,-30.0,16.09,22.99,"22 May, 2025",1,0,0,2025-08-11 00:00
Merge Maestro,7.0,152,-20.0,2.39,2.99,"19 Jun, 2025",1,0,1,2025-08-11 00:00
除灵事务所,6.0,13,-10.0,11.51,12.79,"12 Aug, 2025",1,0,0,2025-08-11 00:00
Wingspan: Oceania Expansion,7.0,82,-20.0,9.59,11.99,"12 Dec, 2023",1,0,1,2025-08-11 00:00
Jump King,7.0,"11,474",-66.0,4.41,12.99,"3 May, 2019",1,0,0,2025-08-11 00:00
PowerWash Simulator – Shrek Special Pack,5.0,149,-25.0,5.99,7.99,"10 Oct, 2024",1,0,0,2025-08-11 00:00
Wylde Flowers,8.0,"1,993",-25.0,15.74,20.99,"20 Sep, 2022",1,0,0,2025-08-11 00:00
The Dungeon Of Naheulbeuk: The Amulet Of Chaos,7.0,"6,503",-80.0,6.99,34.99,"17 Sep, 2020",1,0,1,2025-08-11 00:00
NINJA GAIDEN: Master Collection,5.0,"4,739",-50.0,19.99,39.99,"9 Jun, 2021",1,0,0,2025-08-11 00:00
Assassin's Creed™: Director's Cut Edition,7.0,"20,971",-75.0,2.49,9.99,"9 Apr, 2008",1,0,0,2025-08-11 00:00
PEAK,7.0,89444.0,-38.0,4.95,7.99,"Jun 16, 2025",1,0,0,2025-08-18 12:52
"Warhammer 40,000: Dawn of War - Definitive Edition",5.0,3742.0,-10.0,26.99,29.99,"Aug 14, 2025",1,0,0,2025-08-18 12:52
Subnautica,8.0,289041.0,-75.0,7.49,29.99,"Jan 23, 2018",1,0,1,2025-08-18 12:52
Abyssus,7.0,1217.0,-15.0,21.24,24.99,"Aug 12, 2025",1,0,0,2025-08-18 12:52
Grand Theft Auto V Enhanced,5.0,74181.0,-50.0,14.99,29.99,"Mar 4, 2025",1,0,0,2025-08-18 12:52
FINAL FANTASY XIV Online,7.0,74030.0,-40.0,11.99,19.99,"Feb 18, 2014",1,0,0,2025-08-18 12:52
Stellaris,7.0,129618.0,-75.0,9.99,39.99,"May 9, 2016",1,1,1,2025-08-18 12:52
Age of Wonders 4,7.0,13960.0,-40.0,29.99,49.99,"May 2, 2023",1,0,0,2025-08-18 12:52
Deadzone: Rogue,7.0,6590.0,-20.0,19.99,24.99,"Aug 11, 2025",1,0,0,2025-08-18 12:52
Hearts of Iron IV,7.0,243382.0,-70.0,14.99,49.99,"Apr 9, 2024",1,1,1,2025-08-18 12:52
Sea of Thieves: 2025 Edition,7.0,310072.0,-50.0,19.99,39.99,"Jun 3, 2020",1,0,0,2025-08-18 12:52
"Warhammer 40,000: Rogue Trader",7.0,23909.0,-50.0,24.99,49.99,"Dec 7, 2023",1,0,1,2025-08-18 12:52
Tiny Bookshop,8.0,1571.0,-10.0,17.99,19.99,"Aug 7, 2025",1,1,1,2025-08-18 12:52
Street Fighter™ 6,7.0,37845.0,-25.0,29.99,39.99,"Jun 1, 2023",1,0,0,2025-08-18 12:52
Subnautica: Below Zero,7.0,89880.0,-75.0,7.49,29.99,"May 13, 2021",1,0,1,2025-08-18 12:52
Resident Evil 4,8.0,125840.0,-50.0,19.99,39.99,"Jan 24, 2019",1,0,0,2025-08-18 12:52
Sid Meier's Civilization VII,4.0,34860.0,-30.0,48.99,69.99,"Feb 10, 2025",1,1,1,2025-08-18 12:52
Drive Beyond Horizons,5.0,9228.0,-40.0,14.99,24.99,"Mar 24, 2025",1,0,0,2025-08-18 12:52
Far Cry® 6,5.0,26485.0,-80.0,11.99,59.99,"May 11, 2023",1,0,0,2025-08-18 12:52
Date Everything!,8.0,4177.0,-20.0,23.99,29.99,"Jun 17, 2025",1,0,0,2025-08-18 12:52
Victoria 3,5.0,35923.0,-70.0,14.99,49.99,"Oct 25, 2022",1,1,1,2025-08-18 12:52
Resident Evil Village,8.0,86198.0,-75.0,9.99,39.99,"May 7, 2021",1,0,0,2025-08-18 12:52
S.T.A.L.K.E.R. 2: Heart of Chornobyl,7.0,89130.0,-30.0,41.99,59.99,"Nov 20, 2024",1,0,0,2025-08-18 12:52
Resident Evil 7 Biohazard,8.0,70236.0,-60.0,7.99,19.99,"Jan 23, 2017",1,0,0,2025-08-18 12:52
Sid Meier’s Civilization® VI,7.0,261533.0,-90.0,5.99,59.99,"Oct 20, 2016",1,1,1,2025-08-18 12:52
OFF,7.0,654.0,-15.0,12.74,14.99,"Aug 15, 2025",1,0,0,2025-08-18 12:52
Coral Island,7.0,17988.0,-33.0,20.09,29.99,"Nov 14, 2023",1,0,0,2025-08-18 12:52
X4: Foundations,5.0,20590.0,-75.0,12.49,49.99,"Nov 30, 2018",1,1,0,2025-08-18 12:52
BLACK SOULS,8.0,1241.0,-10.0,12.59,13.99,"Aug 15, 2025",1,0,0,2025-08-18 12:52
PGA TOUR 2K25,4.0,2180.0,-33.0,46.89,69.99,"Feb 27, 2025",1,0,0,2025-08-18 12:52
Monster Hunter Wilds,4.0,166638.0,-20.0,55.99,69.99,"Feb 27, 2025",1,0,0,2025-08-18 12:52
Europa Universalis IV,7.0,91071.0,-90.0,4.99,49.99,"Aug 13, 2013",1,1,1,2025-08-18 12:52
PowerWash Simulator,8.0,46979.0,-50.0,12.49,24.99,"Jul 14, 2022",1,0,0,2025-08-18 12:52
DEATH STRANDING DIRECTOR'S CUT,7.0,36544.0,-50.0,19.99,39.99,"Mar 30, 2022",1,0,0,2025-08-18 12:52
Microsoft Flight Simulator (2020) 40th Anniversary Edition,5.0,64143.0,-60.0,23.99,59.99,"Aug 17, 2020",1,0,0,2025-08-18 12:52
Disney Dreamlight Valley,7.0,19124.0,-30.0,27.99,39.99,"Dec 5, 2023",1,0,0,2025-08-18 12:52
Soulstone Survivors,7.0,22797.0,-40.0,8.99,14.99,"Jun 17, 2025",1,1,1,2025-08-18 12:52
Is This Seat Taken?,8.0,1322.0,-10.0,8.99,9.99,"Aug 7, 2025",1,1,1,2025-08-18 12:52
The Lord of the Rings: Return to Moria™,7.0,7594.0,-45.0,13.74,24.99,"Aug 27, 2024",1,0,0,2025-08-18 12:52
End of Zoe,7.0,1068.0,-75.0,3.74,14.99,"Dec 11, 2017",1,0,0,2025-08-18 12:52
The Planet Crafter,8.0,53835.0,-40.0,14.39,23.99,"Apr 10, 2024",1,0,0,2025-08-18 12:52
Supraworld,7.0,396.0,-15.0,25.49,29.99,"Aug 15, 2025",1,0,0,2025-08-18 12:52
Monster Hunter: World,7.0,300956.0,-67.0,9.89,29.99,"Aug 9, 2018",1,0,0,2025-08-18 12:52
DREDGE,8.0,39037.0,-50.0,13.49,26.99,"Mar 30, 2023",1,0,1,2025-08-18 12:52
Dragon's Dogma 2,4.0,71349.0,-58.0,29.39,69.99,"Mar 21, 2024",1,0,0,2025-08-18 12:52
Granblue Fantasy: Relink,7.0,36253.0,-55.0,26.99,59.99,"Jan 31, 2024",1,0,0,2025-08-18 12:52
Planetary Life,7.0,74.0,-17.0,9.95,11.99,"Aug 15, 2025",1,0,0,2025-08-18 12:52
Metro Exodus,7.0,106572.0,-80.0,5.99,29.99,"Feb 14, 2020",1,1,1,2025-08-18 12:52
"Warhammer 40,000: Gladius - Relics of War",7.0,7492.0,-90.0,3.99,39.99,"Jul 12, 2018",1,1,0,2025-08-18 12:52
Intravenous 2,8.0,2945.0,-35.0,12.99,19.99,"Aug 15, 2024",1,0,0,2025-08-18 12:52
Inkshade,7.0,178.0,-10.0,17.99,19.99,"Aug 14, 2025",1,0,0,2025-08-18 12:52
Devil May Cry 5,8.0,104264.0,-75.0,7.49,29.99,"Mar 7, 2019",1,0,0,2025-08-18 12:52
Hell Let Loose,7.0,91716.0,-55.0,26.99,59.99,"Jul 27, 2021",1,0,0,2025-08-18 12:52
Dice Gambit,7.0,310.0,-15.0,21.24,24.99,"Aug 14, 2025",1,0,0,2025-08-18 12:52
Pathfinder: Wrath of the Righteous - Enhanced Edition,7.0,30395.0,-65.0,6.99,19.99,"Sep 2, 2021",1,0,1,2025-08-18 12:52
Disco Elysium - The Final Cut,7.0,104713.0,-75.0,9.99,39.99,"Oct 15, 2019",1,0,1,2025-08-18 12:52
Smushi Come Home,8.0,1704.0,-50.0,9.99,19.99,"Jun 10, 2023",1,0,1,2025-08-18 12:52
Northgard,7.0,51913.0,-84.0,4.79,29.99,"Mar 7, 2018",1,1,1,2025-08-18 12:52
Tony Hawk's™ Pro Skater™ 3 + 4,5.0,1046.0,-25.0,37.49,49.99,"Jul 10, 2025",1,0,0,2025-08-18 12:52
Beyond Citadel,8.0,2458.0,-20.0,11.99,14.99,"Jan 2, 2025",1,0,0,2025-08-18 12:52
Overcooked! 2,7.0,54602.0,-75.0,6.24,24.99,"Aug 7, 2018",1,1,1,2025-08-18 12:52
MONSTER HUNTER RISE,7.0,72412.0,-75.0,9.99,39.99,"Jan 12, 2022",1,0,0,2025-08-18 12:52
Solasta: Crown of the Magister,7.0,18131.0,-70.0,8.99,29.99,"May 27, 2021",1,0,1,2025-08-18 12:52
Escape Simulator,7.0,15083.0,-40.0,11.99,19.99,"Oct 19, 2021",1,0,1,2025-08-18 12:52
Cast n Chill,7.0,2684.0,-20.0,11.99,14.99,"Jun 16, 2025",1,0,1,2025-08-18 12:52
Six Days in Fallujah,7.0,11946.0,-25.0,29.99,39.99,"Jun 22, 2023",1,0,0,2025-08-18 12:52
Fast Food Simulator,7.0,5849.0,-30.0,10.49,14.99,"Dec 10, 2024",1,0,0,2025-08-18 12:52
Out and About,7.0,86.0,-10.0,16.19,17.99,"Aug 11, 2025",1,0,0,2025-08-18 12:52
SIGNALIS,8.0,24599.0,-30.0,13.99,19.99,"Oct 27, 2022",1,0,0,2025-08-18 12:52
Resident Evil 2,8.0,122495.0,-75.0,9.99,39.99,"Jan 24, 2019",1,0,0,2025-08-18 12:52
Intravenous,7.0,2550.0,-80.0,3.99,19.99,"Jul 26, 2021",1,0,0,2025-08-18 12:52
Golf With Your Friends,7.0,44906.0,-70.0,4.49,14.99,"May 19, 2020",1,1,1,2025-08-18 12:52
Celeste,8.0,112204.0,-75.0,4.99,19.99,"Jan 25, 2018",1,1,1,2025-08-18 12:52
Unpacking,7.0,31146.0,-50.0,9.99,19.99,"Nov 1, 2021",1,1,1,2025-08-18 12:52
Resident Evil 3,7.0,63695.0,-75.0,9.99,39.99,"Jan 24, 2019",1,0,0,2025-08-18 12:52
Deadzone: Rogue - Operative Pack,6.0,34.0,-20.0,9.99,12.49,"Aug 11, 2025",1,0,0,2025-08-18 12:52
AI LIMIT,7.0,17254.0,-20.0,27.99,34.99,"Mar 27, 2025",1,0,0,2025-08-18 12:52
FINAL FANTASY XIV: Dawntrail,4.0,4884.0,-40.0,23.99,39.99,"Jul 2, 2024",1,0,0,2025-08-18 12:52
Monster Hunter World: Iceborne,4.0,17589.0,-75.0,9.99,39.99,"Jan 9, 2020",1,0,0,2025-08-18 12:52
Devil May Cry HD Collection,7.0,13551.0,-67.0,9.89,29.99,"Mar 13, 2018",1,0,0,2025-08-18 12:52
Stellaris: The Machine Age,5.0,793.0,-20.0,19.99,24.99,"May 7, 2024",1,1,1,2025-08-18 12:52
Waltz of the Wizard,7.0,679.0,-40.0,11.99,19.99,"Jul 10, 2019",1,0,0,2025-08-18 12:52
Foundation,7.0,19682.0,-30.0,24.49,34.99,"Jan 31, 2025",1,0,0,2025-08-18 12:52
Expansion - Hearts of Iron IV: Götterdämmerung,5.0,1585.0,-20.0,19.99,24.99,"Nov 14, 2024",1,1,1,2025-08-18 12:52
Sins of a Solar Empire II,7.0,5962.0,-30.0,34.99,49.99,"Aug 15, 2024",1,0,0,2025-08-18 12:52
Resident Evil 5,7.0,36344.0,-75.0,4.99,19.99,"Sep 15, 2009",1,0,0,2025-08-18 12:52
Wasteland 3,7.0,16365.0,-75.0,9.99,39.99,"Aug 27, 2020",1,1,1,2025-08-18 12:52
Haven,7.0,4394.0,-70.0,7.49,24.99,"Dec 3, 2020",1,0,0,2025-08-18 12:52
Phoenix Wright: Ace Attorney Trilogy,8.0,30984.0,-67.0,9.89,29.99,"Apr 9, 2019",1,0,0,2025-08-18 12:52
Farewell North,7.0,418.0,-50.0,11.99,23.99,"Aug 16, 2024",1,0,1,2025-08-18 12:52
ONE PIECE: PIRATE WARRIORS 4,7.0,16027.0,-77.0,14.94,64.99,"Mar 26, 2020",1,0,0,2025-08-18 12:52
The Dark Queen of Mortholme,5.0,646.0,-20.0,4.79,5.99,"Aug 15, 2025",1,0,0,2025-08-18 12:52
Dune: Spice Wars,5.0,10836.0,-60.0,13.99,34.99,"Sep 14, 2023",1,0,0,2025-08-18 12:52
Sid Meier's Civilization® V,8.0,124915.0,-75.0,7.49,29.99,"Sep 21, 2010",1,1,1,2025-08-18 12:52
The Scouring,7.0,270.0,-10.0,22.49,24.99,"Aug 12, 2025",1,0,0,2025-08-18 12:52
Monster Hunter Rise + Sunbreak,7.0,77073.0,-75.0,14.99,59.99,"Jun 29, 2022",1,0,0,2025-08-18 12:52
Sun Haven,7.0,20025.0,-50.0,12.49,24.99,"Mar 10, 2023",1,0,1,2025-08-18 12:52
Resident Evil 6,5.0,40602.0,-75.0,4.99,19.99,"Mar 21, 2013",1,0,0,2025-08-18 12:52
Echoes of the End,4.0,245.0,-10.0,35.99,39.99,"Aug 12, 2025",1,0,0,2025-08-18 12:52
The Stanley Parable: Ultra Deluxe,7.0,30039.0,-40.0,14.99,24.99,"Apr 27, 2022",1,1,1,2025-08-18 12:52
OVIS LOOP,7.0,274.0,-20.0,13.59,16.99,"Aug 14, 2025",1,0,0,2025-08-18 12:52
Black Mesa,8.0,123419.0,-80.0,3.99,19.99,"Mar 6, 2020",1,1,0,2025-08-18 12:52
Viscera Cleanup Detail,7.0,17162.0,-70.0,3.89,12.99,"Oct 23, 2015",1,0,1,2025-08-18 12:52
SpellForce: Conquest of Eo,7.0,1935.0,-67.0,9.89,29.99,"Feb 3, 2023",1,0,0,2025-08-18 12:52
BIGFOOT,7.0,16851.0,-20.0,15.99,19.99,"Jan 31, 2017",1,0,0,2025-08-18 12:52
Subnautica Original Soundtrack,7.0,415.0,-75.0,2.49,9.99,"Apr 30, 2021",0,0,0,2025-08-18 12:52
ZEPHON,7.0,1327.0,-25.0,29.99,39.99,"Nov 8, 2024",1,1,0,2025-08-18 12:52
Nordhold,7.0,2177.0,-30.0,13.99,19.99,"Mar 25, 2025",1,1,1,2025-08-18 12:52
Devil May Cry 4 Special Edition,7.0,14388.0,-70.0,7.49,24.99,"Jun 23, 2015",1,0,0,2025-08-18 12:52
Subnautica: Below Zero Original Soundtrack,5.0,45.0,-75.0,2.49,9.99,"Apr 30, 2021",0,0,0,2025-08-18 12:52
Just Cause™ 3,7.0,100000.0,-85.0,2.99,19.99,"Nov 30, 2015",1,0,0,2025-08-18 12:52
A Hat in Time,8.0,41749.0,-50.0,14.99,29.99,"Oct 5, 2017",1,0,1,2025-08-18 12:52
Noble Legacy,4.0,84.0,-10.0,22.49,24.99,"Aug 12, 2025",1,0,0,2025-08-18 12:52
Victoria 3: Sphere of Influence,5.0,1133.0,-20.0,23.99,29.99,"Jun 24, 2024",1,1,1,2025-08-18 12:52
Galactic Civilizations IV,5.0,1745.0,-50.0,19.99,39.99,"Oct 19, 2023",1,0,0,2025-08-18 12:52
Legacy of Kain™ Soul Reaver 1&2 Remastered,7.0,2421.0,-35.0,19.49,29.99,"Dec 10, 2024",1,0,0,2025-08-18 12:52
X4: Timelines,4.0,1795.0,-20.0,11.99,14.99,"Jun 20, 2024",1,1,0,2025-08-18 12:52
Resident Evil 0,7.0,10227.0,-75.0,4.99,19.99,"Jan 19, 2016",1,0,0,2025-08-18 12:52
Passant: A Chess Roguelike,7.0,135.0,-10.0,10.79,11.99,"Aug 11, 2025",1,0,0,2025-08-18 12:52
The Escapists 2,7.0,25351.0,-75.0,4.99,19.99,"Aug 21, 2017",1,1,1,2025-08-18 12:52
Fate/hollow ataraxia REMASTERED,7.0,298.0,-10.0,26.99,29.99,"Aug 6, 2025",1,0,0,2025-08-18 12:52
Wagotabi: A Japanese Journey,7.0,190.0,-10.0,8.99,9.99,"Aug 13, 2025",1,1,1,2025-08-18 12:52
Gloomhaven,7.0,12906.0,-65.0,12.24,34.99,"Oct 20, 2021",1,0,1,2025-08-18 12:52
Project Wingman,7.0,16185.0,-50.0,12.49,24.99,"Dec 1, 2020",1,0,0,2025-08-18 12:52
In Stars And Time,8.0,6085.0,-30.0,13.99,19.99,"Nov 20, 2023",1,0,0,2025-08-18 12:52
"Warhammer 40,000: Rogue Trader - Deluxe Pack",5.0,71.0,-50.0,7.49,14.99,"Dec 7, 2023",1,0,1,2025-08-18 12:52
OUTBRK,5.0,2009.0,-25.0,26.24,34.99,"Jun 28, 2024",1,0,0,2025-08-18 12:52
Transport Fever 2,7.0,23056.0,-75.0,9.99,39.99,"Dec 11, 2019",1,1,1,2025-08-18 12:52
Stoneshard,5.0,29414.0,-25.0,18.74,24.99,"Feb 6, 2020",1,1,0,2025-08-18 12:52
Airships: Conquer the Skies,8.0,5657.0,-60.0,9.99,24.99,"Aug 16, 2018",1,1,1,2025-08-18 12:52
Sherlock Holmes Chapter One,5.0,3408.0,-85.0,6.74,44.99,"Nov 15, 2021",1,0,0,2025-08-18 12:52
Dead Rising Deluxe Remaster,7.0,2559.0,-40.0,29.99,49.99,"Sep 18, 2024",1,0,0,2025-08-18 12:52
Little Goody Two Shoes,8.0,1651.0,-50.0,9.99,19.99,"Nov 7, 2023",1,0,0,2025-08-18 12:52
Spiritfarer®: Farewell Edition,8.0,42696.0,-85.0,4.49,29.99,"Aug 18, 2020",1,1,1,2025-08-18 12:52
Whispers from the Star,7.0,556.0,-20.0,7.99,9.99,"Aug 14, 2025",1,0,0,2025-08-18 12:52
Vampire Hunters,7.0,1447.0,-40.0,8.99,14.99,"Oct 30, 2024",1,0,0,2025-08-18 12:52
Resident Evil,7.0,20852.0,-75.0,4.99,19.99,"Jan 19, 2015",1,0,0,2025-08-18 12:52
Sid Meier's Civilization® VI: Gathering Storm,4.0,2452.0,-50.0,19.99,39.99,"Feb 13, 2019",1,1,1,2025-08-18 12:52
Sleeping Dogs: Definitive Edition,7.0,62126.0,-85.0,2.99,19.99,"Oct 8, 2014",1,0,1,2025-08-18 12:52
Rift of the NecroDancer,7.0,3617.0,-25.0,14.99,19.99,"Feb 5, 2025",1,0,0,2025-08-18 12:52
Big Ambitions,7.0,10566.0,-20.0,18.39,22.99,"Mar 10, 2023",1,0,1,2025-08-18 12:52
Street Fighter™ 6 - Year 2 Character Pass,4.0,146.0,-20.0,23.99,29.99,"Jun 7, 2024",1,0,0,2025-08-18 12:52
Expansion - Hearts of Iron IV: Arms Against Tyranny,4.0,1869.0,-20.0,15.99,19.99,"Oct 10, 2023",1,1,1,2025-08-18 12:52
Stellaris: Grand Archive,4.0,248.0,-20.0,11.99,14.99,"Oct 29, 2024",1,1,1,2025-08-18 12:52
Metro: Last Light Redux,7.0,61928.0,-85.0,2.99,19.99,"Aug 25, 2014",1,1,1,2025-08-18 12:52
X4: Kingdom End,7.0,422.0,-50.0,7.49,14.99,"Apr 12, 2023",1,1,0,2025-08-18 12:52
The Thaumaturge,7.0,3048.0,-50.0,17.49,34.99,"Mar 4, 2024",1,0,0,2025-08-18 12:52
Blasphemous,7.0,44766.0,-75.0,6.24,24.99,"Sep 10, 2019",1,1,1,2025-08-18 12:52
We Love Katamari REROLL+ Royal Reverie,8.0,1826.0,-75.0,7.49,29.99,"Jun 1, 2023",1,0,0,2025-08-18 12:52
Stellaris: Federations,5.0,951.0,-50.0,9.99,19.99,"Mar 17, 2020",1,1,1,2025-08-18 12:52
Trepang2,7.0,12070.0,-50.0,14.99,29.99,"Jun 21, 2023",1,0,0,2025-08-18 12:52
Metro 2033 Redux,7.0,83740.0,-85.0,2.99,19.99,"Aug 25, 2014",1,1,1,2025-08-18 12:52
CONSCRIPT,7.0,1261.0,-70.0,5.98,19.98,"Jul 23, 2024",1,0,0,2025-08-18 12:52
ZERO Sievert,7.0,12724.0,-30.0,13.99,19.99,"Oct 23, 2024",1,0,0,2025-08-18 12:52
Far Cry® New Dawn,5.0,29923.0,-80.0,7.99,39.99,"Feb 15, 2019",1,0,0,2025-08-18 12:52
"Warhammer 40,000: Space Marine - Anniversary Edition",7.0,16546.0,-75.0,9.99,39.99,"Sep 5, 2011",1,0,0,2025-08-18 12:52
Age of Wonders 4: Empires & Ashes,7.0,171.0,-20.0,15.99,19.99,"May 2, 2023",1,0,0,2025-08-18 12:52
Life is Strange: Double Exposure,4.0,6086.0,-50.0,24.99,49.99,"Oct 29, 2024",1,0,0,2025-08-18 12:52
Age of Wonders 4: Eldritch Realms,5.0,182.0,-20.0,15.99,19.99,"May 2, 2023",1,0,0,2025-08-18 12:52
Sherlock Holmes The Awakened,7.0,1788.0,-85.0,5.99,39.99,"Apr 11, 2023",1,0,0,2025-08-18 12:52
SOMA,8.0,40516.0,-70.0,8.99,29.99,"Sep 21, 2015",1,1,1,2025-08-18 12:52
RollerCoaster Tycoon® 3: Complete Edition,7.0,2232.0,-75.0,4.99,19.99,"Sep 24, 2020",1,0,1,2025-08-18 12:52
Wild Assault,5.0,2751.0,-35.0,9.74,14.99,"Apr 11, 2025",1,0,0,2025-08-18 12:52
Forgotten Realms: The Archives - Collection Two,7.0,220.0,-60.0,3.99,9.99,"Mar 29, 2022",1,0,0,2025-08-18 12:52
Pathfinder: Kingmaker — Enhanced Plus Edition,5.0,26905.0,-85.0,2.99,19.99,"Sep 25, 2018",1,1,1,2025-08-18 12:52
Expansion - Hearts of Iron IV: No Step Back,4.0,3398.0,-30.0,13.99,19.99,"Nov 23, 2021",1,1,1,2025-08-18 12:52
Avorion,7.0,12361.0,-50.0,12.49,24.99,"Mar 9, 2020",1,1,1,2025-08-18 12:52
Age of Wonders: Planetfall,7.0,4625.0,-66.0,10.19,29.99,"Aug 6, 2019",1,0,1,2025-08-18 12:52
Resident Evil Village - Winters’ Expansion,4.0,2362.0,-50.0,9.99,19.99,"Oct 27, 2022",1,0,0,2025-08-18 12:52
Intravenous 2: IV1 Remaster,7.0,97.0,-25.0,7.49,9.99,"Mar 3, 2025",1,0,0,2025-08-18 12:52
Life is Strange Remastered,7.0,5312.0,-50.0,19.99,39.99,"Feb 1, 2022",1,0,0,2025-08-18 12:52
SCARLET NEXUS,7.0,13138.0,-84.0,9.59,59.99,"Jun 24, 2021",1,0,0,2025-08-18 12:52
Heroes of Science and Fiction,7.0,348.0,-50.0,12.49,24.99,"Sep 30, 2024",1,1,0,2025-08-18 12:52
Voidtrain,5.0,5420.0,-30.0,20.99,29.99,"May 9, 2023",1,0,0,2025-08-18 12:52
The Planet Crafter - Planet Humble,5.0,756.0,-30.0,5.59,7.99,"Oct 9, 2024",1,0,0,2025-08-18 12:52
Primitive Society Simulator,7.0,466.0,-20.0,15.99,19.99,"Feb 26, 2024",1,0,0,2025-08-18 12:52
Children of Morta,7.0,16734.0,-80.0,4.39,21.99,"Sep 3, 2019",1,1,1,2025-08-18 12:52
Gemporium: A Cute Mining Sim,7.0,413.0,-20.0,7.99,9.99,"Aug 7, 2025",1,0,0,2025-08-18 12:52
The Texas Chain Saw Massacre,4.0,18208.0,-75.0,4.99,19.99,"Aug 18, 2023",1,0,0,2025-08-18 12:52
CYGNI: All Guns Blazing,4.0,289.0,-90.0,2.99,29.99,"Aug 5, 2024",1,0,0,2025-08-18 12:52
X4: Cradle of Humanity,7.0,340.0,-60.0,5.99,14.99,"Mar 16, 2021",1,1,0,2025-08-18 12:52
Moonstone Island,7.0,3363.0,-50.0,9.99,19.99,"Sep 20, 2023",1,1,1,2025-08-18 12:52
Outlast,8.0,94288.0,-50.0,7.49,14.99,"Sep 4, 2013",1,1,1,2025-08-18 12:52
Ghostrunner 2,7.0,6907.0,-75.0,9.99,39.99,"Oct 26, 2023",1,0,0,2025-08-18 12:52
Heart of the Machine,7.0,1072.0,-35.0,19.49,29.99,"Jan 31, 2025",1,0,1,2025-08-18 12:52
Dead Rising 3 Apocalypse Edition,5.0,12914.0,-80.0,5.99,29.99,"Sep 5, 2014",1,0,0,2025-08-18 12:52
Forager,7.0,33376.0,-65.0,6.99,19.99,"Apr 18, 2019",1,0,0,2025-08-18 12:52
Ghostrunner,7.0,44904.0,-75.0,7.49,29.99,"Oct 27, 2020",1,0,0,2025-08-18 12:52
Total Conflict: Resistance,5.0,4190.0,-25.0,22.49,29.99,"Apr 21, 2023",1,0,0,2025-08-18 12:52
Stellaris: Overlord,4.0,1226.0,-50.0,9.99,19.99,"May 12, 2022",1,1,1,2025-08-18 12:52
Stellaris: Apocalypse,4.0,1467.0,-50.0,9.99,19.99,"Feb 22, 2018",1,1,1,2025-08-18 12:52
The Sinking City Remastered,5.0,4539.0,-70.0,11.99,39.99,"Feb 26, 2021",1,0,0,2025-08-18 12:52
OneShot,8.0,51299.0,-40.0,5.99,9.99,"Dec 8, 2016",1,1,1,2025-08-18 12:52
Terra Invicta,5.0,6217.0,-35.0,25.99,39.99,"Sep 26, 2022",1,0,0,2025-08-18 12:52
Static Dread: The Lighthouse,7.0,425.0,-25.0,9.74,12.99,"Aug 6, 2025",1,0,1,2025-08-18 12:52
Golf It!,7.0,23393.0,-56.0,3.95,8.99,"Aug 18, 2023",1,0,1,2025-08-18 12:52
Bloodstained: Ritual of the Night,7.0,28357.0,-75.0,9.99,39.99,"Jun 18, 2019",1,0,0,2025-08-18 12:52
X4: Tides of Avarice,5.0,295.0,-60.0,5.99,14.99,"Mar 14, 2022",1,1,0,2025-08-18 12:52
Tinkerlands,7.0,2324.0,-25.0,9.74,12.99,"May 23, 2025",1,0,0,2025-08-18 12:52
Temtem,7.0,31077.0,-72.0,12.59,44.99,"Sep 6, 2022",1,0,0,2025-08-18 12:52
Worms W.M.D,7.0,8909.0,-80.0,5.99,29.99,"Aug 23, 2016",1,1,1,2025-08-18 12:52
Bread & Fred,7.0,3761.0,-45.0,8.24,14.99,"May 23, 2023",1,0,1,2025-08-18 12:52
Predator: Hunting Grounds,5.0,3849.0,-75.0,4.99,19.99,"Apr 29, 2021",1,0,0,2025-08-18 12:52
Stellaris: Nemesis,4.0,1544.0,-50.0,9.99,19.99,"Apr 15, 2021",1,1,1,2025-08-18 12:52
Cooking Simulator,7.0,16991.0,-70.0,5.99,19.99,"Jun 6, 2019",1,0,0,2025-08-18 12:52
Stellaris: Galactic Paragons,4.0,920.0,-50.0,7.49,14.99,"May 9, 2023",1,1,1,2025-08-18 12:52
Dominions 6 - Rise of the Pantokrator,7.0,1291.0,-35.0,29.24,44.99,"Jan 17, 2024",1,1,1,2025-08-18 12:52
Street Fighter™ 6 - Year 2 Ultimate Pass,4.0,114.0,-20.0,39.99,49.99,"Jun 7, 2024",1,0,0,2025-08-18 12:52
Stellaris: Utopia,5.0,1290.0,-50.0,9.99,19.99,"Apr 6, 2017",1,1,1,2025-08-18 12:52
Sid Meier’s Civilization® VI: Rise and Fall,4.0,2279.0,-50.0,14.99,29.99,"Feb 7, 2018",1,1,1,2025-08-18 12:52
Backyard Baseball '01,7.0,216.0,-25.0,7.49,9.99,"Jul 8, 2025",1,0,0,2025-08-18 12:52
Blasphemous 2,7.0,11573.0,-40.0,22.79,37.99,"Aug 24, 2023",1,0,0,2025-08-18 12:52
"Warhammer 40,000: Dawn of War - Anniversary Edition",8.0,8335.0,-34.0,9.89,14.99,"Aug 7, 2007",1,0,0,2025-08-18 12:52
Garden of Witches,8.0,839.0,-20.0,15.19,18.99,"May 23, 2025",1,0,0,2025-08-18 12:52
Stellaris: MegaCorp,4.0,1128.0,-50.0,9.99,19.99,"Dec 6, 2018",1,1,1,2025-08-18 12:52
Cossacks 3,7.0,11405.0,-66.0,6.79,19.99,"Sep 20, 2016",1,1,0,2025-08-18 12:52
I Am Your Beast,8.0,3971.0,-30.0,13.99,19.99,"Sep 10, 2024",1,0,0,2025-08-18 12:52
Expansion - Hearts of Iron IV: By Blood Alone,3.0,2898.0,-30.0,13.99,19.99,"Sep 27, 2022",1,1,1,2025-08-18 12:52
Scorn,5.0,11373.0,-75.0,9.99,39.99,"Oct 14, 2022",1,0,0,2025-08-18 12:52
RESIDENT EVIL 2 / BIOHAZARD RE:2 Deluxe Edition,8.0,125680.0,-75.0,12.49,49.99,"Jan 24, 2019",1,0,0,2025-08-18 12:52
Bendy and the Dark Revival,7.0,11824.0,-67.0,9.89,29.99,"Nov 15, 2022",1,0,0,2025-08-18 12:52
Songs of Silence,5.0,1816.0,-40.0,17.99,29.99,"Nov 13, 2024",1,0,0,2025-08-18 12:52
Assassin’s Creed® Brotherhood,7.0,22128.0,-75.0,4.99,19.99,"Mar 22, 2011",1,0,0,2025-08-18 12:52
Ace Attorney Investigations Collection,8.0,2444.0,-25.0,29.99,39.99,"Sep 5, 2024",1,0,0,2025-08-18 12:52
Forgotten Realms: The Archives - Collection One,7.0,233.0,-50.0,4.99,9.99,"Mar 29, 2022",1,0,0,2025-08-18 12:52
The Battle of Polytopia,7.0,4139.0,-60.0,5.99,14.99,"Aug 4, 2020",1,1,1,2025-08-18 12:52
"Warhammer 40,000: Dawn of War III",4.0,13439.0,-80.0,7.99,39.99,"Apr 27, 2017",1,1,1,2025-08-18 12:52
GUNDAM BREAKER 4,5.0,3149.0,-30.0,41.99,59.99,"Aug 28, 2024",1,0,0,2025-08-18 12:52
Fate/stay night REMASTERED,8.0,3170.0,-30.0,20.99,29.99,"Aug 7, 2024",1,0,0,2025-08-18 12:52
Bendy and the Ink Machine,7.0,19506.0,-60.0,7.99,19.99,"Apr 27, 2017",1,0,0,2025-08-18 12:52
X4: Split Vendetta,7.0,251.0,-70.0,4.49,14.99,"Mar 31, 2020",1,1,0,2025-08-18 12:52
Expansion - Hearts of Iron IV: La Résistance,4.0,2110.0,-50.0,9.99,19.99,"Feb 25, 2020",1,1,1,2025-08-18 12:52
Kingdoms and Castles,7.0,28968.0,-34.0,9.89,14.99,"Jul 20, 2017",1,1,1,2025-08-18 12:52
Sid Meier's Civilization®: Beyond Earth™,4.0,13736.0,-75.0,9.99,39.99,"Oct 23, 2014",1,1,1,2025-08-18 12:52
OUTRIDERS,4.0,45590.0,-50.0,9.99,19.99,"Apr 1, 2021",1,0,0,2025-08-18 12:52
Knights of Honor II: Sovereign,5.0,4407.0,-67.0,14.84,44.99,"Dec 6, 2022",1,0,0,2025-08-18 12:52
Intravenous 2 - Supporter Pack,7.0,60.0,-35.0,6.49,9.99,"Aug 15, 2024",1,0,0,2025-08-18 12:52
Stellaris: First Contact Story Pack,4.0,489.0,-50.0,7.49,14.99,"Mar 14, 2023",1,1,1,2025-08-18 12:52
Apollo Justice: Ace Attorney Trilogy,7.0,2573.0,-50.0,24.99,49.99,"Jan 24, 2024",1,0,0,2025-08-18 12:52
PULSAR: Lost Colony,7.0,4318.0,-50.0,9.99,19.99,"Jun 22, 2021",1,1,1,2025-08-18 12:52
Resident Evil Revelations,7.0,9647.0,-75.0,4.99,19.99,"May 20, 2013",1,0,0,2025-08-18 12:52
Carry The Glass,5.0,1924.0,-50.0,2.49,4.99,"Oct 23, 2024",1,0,0,2025-08-18 12:52
Dungeons of Blood and Dream,8.0,867.0,-25.0,14.24,18.99,"Nov 11, 2024",1,0,0,2025-08-18 12:52
Death's Door,7.0,17075.0,-75.0,4.99,19.99,"Jul 20, 2021",1,0,0,2025-08-18 12:52
The Wolf Among Us,8.0,29340.0,-50.0,7.49,14.99,"Oct 11, 2013",1,0,0,2025-08-18 12:52
Resident Evil 4 (2005),7.0,67246.0,-75.0,4.99,19.99,"Feb 27, 2014",1,0,0,2025-08-18 12:52
Touhou Mystia's Izakaya,8.0,25545.0,-20.0,4.79,5.99,"Oct 1, 2021",1,0,1,2025-08-18 12:52
Stellaris: Astral Planes,3.0,1048.0,-50.0,9.99,19.99,"Nov 16, 2023",1,1,1,2025-08-18 12:52
[NINJA GAIDEN: Master Collection] NINJA GAIDEN Σ2,5.0,1394.0,-50.0,19.99,39.99,"Jun 9, 2021",1,0,0,2025-08-18 12:52
Resident Evil Revelations 2,5.0,23181.0,-75.0,4.99,19.99,"Feb 24, 2015",1,0,0,2025-08-18 12:52
Street Fighter™ 6 - Year 1 Character Pass,4.0,176.0,-35.0,19.49,29.99,"Jun 1, 2023",1,0,0,2025-08-18 12:52
Shadow Empire,7.0,1095.0,-60.0,15.99,39.99,"Dec 3, 2020",1,0,0,2025-08-18 12:52
Potion Permit,5.0,3858.0,-60.0,7.99,19.99,"Sep 22, 2022",1,0,1,2025-08-18 12:52
Life is Strange: True Colors,7.0,11589.0,-70.0,17.99,59.99,"Sep 9, 2021",1,0,0,2025-08-18 12:52
Katamari Damacy REROLL,7.0,4583.0,-75.0,7.49,29.99,"Dec 6, 2018",1,0,0,2025-08-18 12:52
Rusty's Retirement,8.0,12534.0,-33.0,4.68,6.99,"Apr 26, 2024",1,0,1,2025-08-18 12:52
Solasta: Crown of the Magister - Palace of Ice,5.0,219.0,-35.0,9.74,14.99,"May 25, 2023",1,0,1,2025-08-18 12:52
Amnesia: The Bunker,7.0,8179.0,-65.0,8.74,24.99,"Jun 6, 2023",1,0,0,2025-08-18 12:52
Bear and Breakfast,7.0,4251.0,-55.0,8.99,19.99,"Jul 28, 2022",1,0,0,2025-08-18 12:52
Stray Gods: The Roleplaying Musical,7.0,2291.0,-40.0,17.99,29.99,"Aug 9, 2023",1,0,0,2025-08-18 12:52
Forgotten Realms: Demon Stone,5.0,52.0,-10.0,8.99,9.99,"Aug 12, 2025",1,0,0,2025-08-18 12:52
WITCH ON THE HOLY NIGHT,8.0,5300.0,-35.0,25.99,39.99,"Dec 14, 2023",1,0,0,2025-08-18 12:52
Soulstone Survivors: Supporter Pack,7.0,70.0,-10.0,4.49,4.99,"Apr 23, 2025",1,1,1,2025-08-18 12:52
Promise Mascot Agency,8.0,1550.0,-25.0,18.74,24.99,"Apr 10, 2025",1,0,0,2025-08-18 12:52
Batman - The Telltale Series,7.0,13560.0,-50.0,7.49,14.99,"Aug 2, 2016",1,0,0,2025-08-18 12:52
News Tower,8.0,2244.0,-25.0,14.99,19.99,"Feb 13, 2024",1,0,1,2025-08-18 12:52
LOST EMBER - VR Edition,4.0,74.0,-60.0,11.99,29.99,"Jul 12, 2022",1,0,0,2025-08-18 12:52
Darkwater,7.0,460.0,-20.0,7.99,9.99,"Apr 22, 2025",1,0,0,2025-08-18 12:52
Scythe: Digital Edition,7.0,3027.0,-70.0,5.99,19.99,"Sep 5, 2018",1,0,1,2025-08-18 12:52
Portal Knights,7.0,16482.0,-85.0,2.99,19.99,"May 18, 2017",1,0,0,2025-08-18 12:52
Age of Wonders 4: Primal Fury,7.0,148.0,-20.0,7.99,9.99,"May 2, 2023",1,0,0,2025-08-18 12:52
Wasteland 2: Director's Cut,7.0,4632.0,-80.0,5.99,29.99,"Sep 18, 2014",1,1,1,2025-08-18 12:52
Sherlock Holmes: The Devil's Daughter,7.0,11477.0,-90.0,2.99,29.99,"Jun 10, 2016",1,0,0,2025-08-18 12:52
Die in the Dungeon,7.0,1959.0,-25.0,9.74,12.99,"Feb 21, 2025",1,0,1,2025-08-18 12:52
Eiyuden Chronicle: Hundred Heroes,5.0,2796.0,-65.0,17.49,49.99,"Apr 23, 2024",1,0,0,2025-08-18 12:52
Crypt Custodian,8.0,1984.0,-30.0,13.99,19.99,"Aug 27, 2024",1,0,0,2025-08-18 12:52
Dragon's Dogma: Dark Arisen,7.0,35892.0,-84.0,4.79,29.99,"Jan 15, 2016",1,0,0,2025-08-18 12:52
Wizard of Legend,7.0,16972.0,-70.0,4.79,15.99,"May 15, 2018",1,1,1,2025-08-18 12:52
Ni no Kuni™ II: Revenant Kingdom,7.0,7818.0,-85.0,11.99,79.98,"Mar 23, 2018",1,0,0,2025-08-18 12:52
Cat Quest III,7.0,2521.0,-50.0,9.99,19.99,"Aug 8, 2024",1,0,0,2025-08-18 12:52
Bloomtown: A Different Story,7.0,992.0,-50.0,12.49,24.99,"Sep 24, 2024",1,0,0,2025-08-18 12:52
Lost Skies,5.0,1805.0,-20.0,19.99,24.99,"Apr 18, 2025",1,0,0,2025-08-18 12:52
Moonlighter,7.0,15846.0,-90.0,1.99,19.99,"May 29, 2018",1,1,1,2025-08-18 12:52
Stellaris: Cosmic Storms,3.0,562.0,-20.0,10.39,12.99,"Sep 10, 2024",1,1,1,2025-08-18 12:52
Just Crow Things,7.0,240.0,-50.0,9.99,19.99,"Aug 15, 2024",1,1,1,2025-08-18 12:52
Nice Day for Fishing,7.0,1744.0,-20.0,15.99,19.99,"May 29, 2025",1,0,0,2025-08-18 12:52
Dungeons & Dragons: Dark Sun Series,7.0,55.0,-50.0,4.99,9.99,"Mar 29, 2022",1,0,0,2025-08-18 12:52
Assassin's Creed® Revelations,7.0,17038.0,-70.0,5.99,19.99,"Nov 29, 2011",1,0,0,2025-08-18 12:52
Dungeons & Dragons: Krynn Series,7.0,105.0,-50.0,4.99,9.99,"Mar 29, 2022",1,0,0,2025-08-18 12:52
Crime Boss: Rockay City,4.0,6886.0,-90.0,1.99,19.99,"Jun 18, 2024",1,0,0,2025-08-18 12:52
Killer Klowns from Outer Space: The Game,5.0,3281.0,-70.0,11.99,39.99,"Jun 4, 2024",1,0,0,2025-08-18 12:52
Dune: Spice Wars - House Vernius of Ix,7.0,116.0,-40.0,7.79,12.99,"Mar 7, 2024",1,0,0,2025-08-18 12:52
Galactic Civilizations III,5.0,8263.0,-67.0,9.89,29.99,"Oct 24, 2019",1,0,0,2025-08-18 12:52
Tom Clancy’s Splinter Cell Blacklist,5.0,17893.0,-75.0,7.49,29.99,"Aug 20, 2013",1,0,0,2025-08-18 12:52
Gujian3(古剑奇谭三),7.0,40213.0,-65.0,10.49,29.99,"Dec 14, 2018",1,0,0,2025-08-18 12:52
RollerCoaster Tycoon® Classic,7.0,2231.0,-75.0,4.99,19.99,"Sep 28, 2017",1,0,1,2025-08-18 12:52
PowerWash Simulator – Wallace & Gromit Special Pack,7.0,92.0,-25.0,5.99,7.99,"Mar 4, 2025",1,0,0,2025-08-18 12:52
Ship of Fools,7.0,4425.0,-60.0,8.79,21.99,"Nov 22, 2022",1,0,0,2025-08-18 12:52
PowerWash Simulator – Shrek Special Pack,5.0,149.0,-25.0,5.99,7.99,"Oct 10, 2024",1,0,0,2025-08-18 12:52
Age of Wonders 4: Dragon Dawn,7.0,243.0,-20.0,7.99,9.99,"May 2, 2023",1,0,0,2025-08-18 12:52
Sid Meier's Civilization IV: Colonization,7.0,1162.0,-80.0,5.99,29.99,"Sep 23, 2008",1,0,1,2025-08-18 12:52
Tavern Manager Simulator 🍻,7.0,3471.0,-40.0,7.79,12.99,"Aug 13, 2024",1,0,0,2025-08-18 12:52
Mad Games Tycoon 2,7.0,6765.0,-40.0,14.99,24.99,"May 31, 2023",1,0,1,2025-08-18 12:52
Becastled,7.0,4640.0,-33.0,10.04,14.99,"Feb 8, 2021",1,0,0,2025-08-18 12:52
Heroes of Hammerwatch,7.0,7293.0,-75.0,2.99,11.99,"Mar 1, 2018",1,1,0,2025-08-18 12:52
Victoria 3: Pivot of Empire,4.0,341.0,-20.0,7.99,9.99,"Nov 21, 2024",1,1,1,2025-08-18 12:52
The Dungeon Of Naheulbeuk: The Amulet Of Chaos,7.0,6506.0,-80.0,6.99,34.99,"Sep 17, 2020",1,0,1,2025-08-18 12:52
The Expanse: A Telltale Series,5.0,1827.0,-70.0,7.49,24.99,"Nov 20, 2023",1,0,0,2025-08-18 12:52
Batman: The Enemy Within - The Telltale Series,7.0,7885.0,-50.0,7.49,14.99,"Aug 8, 2017",1,0,0,2025-08-18 12:52
Dungeons & Dragons: Ravenloft Series,6.0,44.0,-50.0,4.99,9.99,"Mar 29, 2022",1,0,0,2025-08-18 12:52
Menace from the Deep,7.0,1778.0,-33.0,11.38,16.99,"Nov 11, 2024",1,0,0,2025-08-18 12:52
Midnight Fight Express,7.0,1729.0,-50.0,9.99,19.99,"Aug 23, 2022",1,0,0,2025-08-18 12:52
Assassin's Creed™: Director's Cut Edition,7.0,21001.0,-75.0,4.99,19.99,"Apr 9, 2008",1,0,0,2025-08-18 12:52
Grand Tactician: The Civil War (1861-1865),5.0,2134.0,-50.0,22.49,44.99,"Sep 24, 2021",1,0,0,2025-08-18 12:52
Expansion - Hearts of Iron IV: Man the Guns,4.0,1826.0,-70.0,5.99,19.99,"Feb 28, 2019",1,1,1,2025-08-18 12:52
Stellaris: Distant Stars Story Pack,4.0,544.0,-50.0,4.99,9.99,"May 22, 2018",1,1,1,2025-08-18 12:52
Age of Wonders III,7.0,6929.0,-75.0,7.49,29.99,"Mar 31, 2014",1,1,1,2025-08-18 12:52
Stellaris: Toxoids Species Pack,5.0,274.0,-50.0,4.99,9.99,"Sep 20, 2022",1,1,1,2025-08-18 12:52
DmC: Devil May Cry,7.0,19025.0,-75.0,7.49,29.99,"Jan 24, 2013",1,0,0,2025-08-18 12:52
Tunguska: The Visitation - Enhanced Edition,7.0,1329.0,-52.0,7.19,14.99,"Jun 4, 2021",1,0,0,2025-08-18 12:52
Lost in Random: The Eternal Die,7.0,422.0,-20.0,19.99,24.99,"Jun 17, 2025",1,0,0,2025-08-18 12:52
Double Dragon Gaiden: Rise Of The Dragons,7.0,903.0,-65.0,8.74,24.99,"Jul 27, 2023",1,0,0,2025-08-18 12:52
"Warhammer 40,000: Rogue Trader - Void Shadows",7.0,753.0,-25.0,13.49,17.99,"Sep 24, 2024",1,0,1,2025-08-18 12:52
Stellaris: Aquatics Species Pack,7.0,665.0,-50.0,4.99,9.99,"Nov 22, 2021",1,1,1,2025-08-18 12:52
MY HERO ONE'S JUSTICE 2,7.0,2932.0,-88.0,4.79,39.99,"Mar 12, 2020",1,0,0,2025-08-18 12:52
STONKS-9800: Stock Market Simulator,8.0,1424.0,-33.0,6.69,9.99,"Jul 17, 2023",1,1,1,2025-08-18 12:52
Fischer's Fishing Journey,7.0,334.0,-10.0,7.19,7.99,"Aug 7, 2025",1,0,0,2025-08-18 12:52
The Great Ace Attorney Chronicles,7.0,4593.0,-60.0,15.99,39.99,"Jul 26, 2021",1,0,0,2025-08-18 12:52
Sherlock Holmes: Crimes and Punishments,7.0,6427.0,-90.0,2.99,29.99,"Sep 29, 2014",1,0,0,2025-08-18 12:52
Age of Darkness: Final Stand,5.0,8661.0,-50.0,13.99,27.99,"Jan 15, 2025",1,0,0,2025-08-18 12:52
RollerCoaster Tycoon® 2: Triple Thrill Pack,7.0,4742.0,-75.0,2.49,9.99,"May 21, 2014",1,0,0,2025-08-18 12:52
Ion Fury,7.0,5470.0,-60.0,9.99,24.99,"Aug 15, 2019",1,1,0,2025-08-18 12:52
The Last Stand: Aftermath,7.0,5586.0,-65.0,8.74,24.99,"Nov 16, 2021",1,0,0,2025-08-18 12:52
This War of Mine,7.0,78815.0,-85.0,2.99,19.99,"Nov 14, 2014",1,1,1,2025-08-18 12:52
Settlement Survival,7.0,7161.0,-50.0,9.99,19.99,"Oct 24, 2022",1,0,1,2025-08-18 12:52
Resident Evil Deluxe Origins Bundle / Biohazard Deluxe Origins Bundle,7.0,31277.0,-75.0,9.99,39.99,"Jan 19, 2016",1,0,0,2025-08-18 12:52
Ghost Trick: Phantom Detective,8.0,4912.0,-50.0,14.99,29.99,"Jun 29, 2023",1,0,0,2025-08-18 12:52
GOD EATER 3,7.0,7366.0,-90.0,5.99,59.99,"Feb 7, 2019",1,0,0,2025-08-18 12:52
Solasta: Crown of the Magister - Lost Valley,4.0,293.0,-40.0,7.79,12.99,"Apr 14, 2022",1,0,1,2025-08-18 12:52
Ashes of the Singularity: Escalation,5.0,2580.0,-90.0,2.99,29.99,"Nov 10, 2016",1,0,0,2025-08-18 12:52
PowerWash Simulator – Alice’s Adventures Special Pack,7.0,174.0,-25.0,5.99,7.99,"Jul 2, 2024",1,0,0,2025-08-18 12:52
Rise Of The White Sun - 白日升,7.0,629.0,-70.0,6.29,20.99,"Sep 21, 2023",1,1,1,2025-08-18 12:52
NINJA GAIDEN: Master Collection,5.0,4767.0,-50.0,19.99,39.99,"Jun 9, 2021",1,0,0,2025-08-18 12:52
BlazBlue: Cross Tag Battle,7.0,3159.0,-80.0,9.99,49.99,"Nov 20, 2019",1,0,0,2025-08-18 12:52
PowerWash Simulator – SpongeBob SquarePants Special Pack,4.0,437.0,-25.0,5.99,7.99,"Jun 29, 2023",1,0,0,2025-08-18 12:52
KILL KNIGHT,7.0,1475.0,-50.0,7.49,14.99,"Oct 2, 2024",1,0,0,2025-08-18 12:52
Dead Rising® 2,5.0,5789.0,-75.0,4.99,19.99,"Sep 27, 2010",1,0,0,2025-08-18 12:52
Cultist Simulator,7.0,9519.0,-60.0,7.99,19.99,"May 31, 2018",1,1,1,2025-08-18 12:52
Orebound,5.0,553.0,-40.0,14.99,24.99,"Oct 24, 2024",1,0,0,2025-08-18 12:52
"Haiku, the Robot",7.0,2144.0,-80.0,3.99,19.99,"Apr 28, 2022",1,0,1,2025-08-18 12:52
"Warhammer 40,000: Rogue Trader - Voidfarer Pack",4.0,49.0,-50.0,2.49,4.99,"Dec 7, 2023",1,0,1,2025-08-18 12:52
Ghostbusters: Spirits Unleashed Ecto Edition,7.0,981.0,-75.0,4.99,19.99,"Oct 19, 2023",1,0,0,2025-08-18 12:52
Kebab Chefs! - Restaurant Simulator,7.0,5913.0,-30.0,12.59,17.99,"Jan 19, 2024",1,0,0,2025-08-18 12:52
EZ2ON REBOOT : R,7.0,5631.0,-50.0,22.49,44.99,"Apr 14, 2022",1,0,0,2025-08-18 12:52
Killer Frequency,7.0,3952.0,-70.0,8.99,29.99,"Jun 1, 2023",1,0,0,2025-08-18 12:52
Age of History 3,7.0,13538.0,-40.0,5.99,9.99,"Oct 23, 2024",1,0,1,2025-08-18 12:52
Country Pack - Hearts of Iron IV: Trial of Allegiance,3.0,2216.0,-20.0,11.99,14.99,"Mar 7, 2024",1,1,1,2025-08-18 12:52
Rayman® Legends,7.0,9662.0,-80.0,5.99,29.99,"Sep 3, 2013",1,0,0,2025-08-18 12:52
